inci_id,inci_no,exp_no,complete,fdid,district,station,number,st_prefix,street,st_type,st_suffix,city,zip,inci_type,desc_incitype,typecat,code,desc_actiontkn,alm_dttm,arv_dttm,ctrl_dttm,clr_dttm,resp,dur,year_alm_date,month_alm_date,cdow_alm_date,hour_alm_dttm,shift,alarms,app_supp,app_ems,app_rescue,app_other,per_supp,per_ems,per_rescue,per_other,app,per,mutl_aid,aid_desc,prop_loss,fatal_fs,inj_fs,fatal_civ,inj_civ,det_alert,det_desc,haz_rel,haz_desc,prop_use,acres_burn,buildings,cause_ign,heat_src,heatsrc_desc,area_org,areaorg_desc,matl_type,matltype_desc,item_type,firstign_desc,response
_6E60C3RID,22-0002606,0,TRUE,4600,2,2,1200,,Shelburne,RD,,South Burlington,5403,743,"Smoke detector activation, no fire - unintentional",7,63,Restore fire alarm system,7/31/2022 4:29,7/31/2022 4:35,,7/31/2022 4:46,6.7,17.8333,2022,7,Sunday,4,2,0,0,0,0,2,0,0,0,6,2,6,N,None,0,0,0,0,0,,,,,439,,,,,,,,,,,,00:06:42
_6E60BKPKS,22-0002605,0,TRUE,4600,2,2,12,,Maple,AVE,,South Burlington,5403,321,"EMS call, excluding vehicle accident with injury",3,81,Incident command,7/30/2022 23:02,7/30/2022 23:07,,7/30/2022 23:22,5.65,20.7,2022,7,Saturday,23,2,0,0,1,0,0,0,3,0,0,1,3,16,Other Aid Received,0,0,0,0,0,,,,,419,,,,,,,,,,,,00:05:39
_6E60AX7HK,22-0002604,0,TRUE,4600,2,2,90,,Allen,RD,,South Burlington,5403,321,"EMS call, excluding vehicle accident with injury",3,81,Incident command,7/30/2022 22:40,7/30/2022 22:44,,7/30/2022 23:01,4.8833,21.8167,2022,7,Saturday,22,2,0,0,2,0,0,0,5,0,0,2,5,N,None,0,0,0,0,0,,,,,459,,,,,,,,,,,,00:04:53
_6E519PQOF,22-0002603,0,TRUE,4600,1,1,82,,Anderson,PKY,,South Burlington,5403,321,"EMS call, excluding vehicle accident with injury",3,33,Provide advanced life sup,7/30/2022 20:46,7/30/2022 20:53,,7/30/2022 21:05,7,19,2022,7,Saturday,20,2,0,0,2,0,0,0,5,0,0,2,5,N,None,0,0,0,0,0,,,,,459,,,,,,,,,,,,00:07:00
_6E514ZQNE,22-0002602,0,TRUE,4600,2,2,90,,Allen,RD,,South Burlington,5403,321,"EMS call, excluding vehicle accident with injury",3,31,Provide first aid & check,7/30/2022 18:16,7/30/2022 18:20,,7/30/2022 18:44,4.7667,28.1167,2022,7,Saturday,18,2,0,0,2,0,0,0,5,0,0,2,5,N,None,0,0,0,0,0,,,,,459,,,,,,,,,,,,00:04:46
_6E50Z542A,22-0002601,0,TRUE,4600,1,1,20,,Derby,CIR,,South Burlington,5403,321,"EMS call, excluding vehicle accident with injury",3,33,Provide advanced life sup,7/30/2022 15:51,7/30/2022 15:56,,7/30/2022 16:06,5,15,2022,7,Saturday,15,2,0,0,3,0,0,0,8,0,0,3,8,N,None,0,0,0,0,0,,,,,419,,,,,,,,,,,,00:05:00
_6E50R5J7D,22-0002600,0,TRUE,4600,1,1,7,,Aspen,DR,,South Burlington,5403,321,"EMS call, excluding vehicle accident with injury",3,33,Provide advanced life sup,7/30/2022 12:09,7/30/2022 12:12,,7/30/2022 12:27,3,18,2022,7,Saturday,12,2,0,0,1,0,0,0,3,0,0,1,3,16,Other Aid Received,0,0,0,0,0,,,,,429,,,,,,,,,,,,00:03:00
_6E50TJQ87,22-0002599,0,TRUE,4600,2,2,90,,Allen,RD,,South Burlington,5403,321,"EMS call, excluding vehicle accident with injury",3,81,Incident command,7/30/2022 12:00,7/30/2022 12:05,,7/30/2022 12:23,5.6667,23.45,2022,7,Saturday,12,2,0,0,2,0,0,0,5,0,0,2,5,N,None,0,0,0,0,0,,,,,459,,,,,,,,,,,,00:05:40
_6E50EUHCB,22-0002598,0,TRUE,4600,1,1,105,,Old Farm,RD,,South Burlington,5403,321,"EMS call, excluding vehicle accident with injury",3,81,Incident command,7/30/2022 5:59,7/30/2022 6:07,,7/30/2022 6:11,8.5667,12.2333,2022,7,Saturday,5,1,0,0,2,0,0,0,5,0,0,2,5,N,None,0,0,0,0,0,,,,,419,,,,,,,,,,,,00:08:34
_6E50ED6T3,22-0002597,0,TRUE,4600,1,1,1160,,Williston,RD,,South Burlington,5403,321,"EMS call, excluding vehicle accident with injury",3,81,Incident command,7/29/2022 21:34,7/29/2022 21:38,,7/29/2022 22:00,4.0167,26.0167,2022,7,Friday,21,1,0,0,2,0,0,0,5,0,0,2,5,N,None,0,0,0,0,0,,,,,161,,,,,,,,,,,,00:04:01
_6E50DZK0O,22-0002596,0,TRUE,4600,1,1,,,Williston,RD,,South Burlington,5403,324,Motor Vehicle Accident with no injuries,3,81,Incident command,7/29/2022 19:53,7/29/2022 19:53,,7/29/2022 20:15,0.7667,22.6333,2022,7,Friday,19,1,0,0,1,0,0,0,3,0,0,1,3,2,Automatic aid receiv,0,0,0,0,0,,,,,963,,,,,,,,,,,,00:00:46
_6E41933OD,22-0002595,0,TRUE,4600,1,1,57,,Hinesburg,RD,,South Burlington,5403,321,"EMS call, excluding vehicle accident with injury",3,81,Incident command,7/29/2022 19:31,7/29/2022 19:37,,7/29/2022 19:48,5.8,17,2022,7,Friday,19,1,0,0,1,0,0,0,3,0,0,1,3,1,Mutual aid received,0,0,0,0,0,,,,,429,,,,,,,,,,,,00:05:48
_6E418M2M2,22-0002594,0,TRUE,4600,7,1,325,,Lime Kiln,RD,,South Burlington,5403,321,"EMS call, excluding vehicle accident with injury",3,81,Incident command,7/29/2022 19:06,7/29/2022 19:13,,7/29/2022 19:36,7.5167,30.5,2022,7,Friday,19,1,0,0,1,0,0,0,2,0,0,1,2,2,Automatic aid receiv,0,0,0,0,0,,,,,429,,,,,,,,,,,,00:07:31
_6E4168CRP,22-0002593,0,TRUE,4600,2,2,410,,Farrell,ST,,South Burlington,5403,554,Assist invalid,5,31,Provide first aid & check,7/29/2022 18:31,7/29/2022 18:39,,7/29/2022 18:54,8.7833,23.2167,2022,7,Friday,18,1,0,0,0,0,1,0,0,0,3,1,3,N,None,0,0,0,0,0,,,,,429,,,,,,,,,,,,00:08:47
_6E410Q46T,22-0002592,0,TRUE,4600,2,2,570,,Shelburne,RD,,South Burlington,5403,321,"EMS call, excluding vehicle accident with injury",3,81,Incident command,7/29/2022 15:46,7/29/2022 15:52,,7/29/2022 16:00,6.85,14.3,2022,7,Friday,15,1,0,0,2,0,0,0,5,0,0,2,5,N,None,0,0,0,0,0,,,,,519,,,,,,,,,,,,00:06:51
_6E40V2YF3,22-0002591,0,TRUE,4600,2,1,,,Holmes,RD,,South Burlington,5403,550,"Public service assistance, Other",5,70,"Assistance, Other",7/29/2022 13:22,7/29/2022 13:22,,7/29/2022 13:31,0,9.0667,2022,7,Friday,13,1,0,0,0,0,1,0,0,0,2,1,2,N,None,0,0,0,0,0,,,,,900,,,,,,,,,,,,00:00:00
_6E40UTI3G,22-0002590,0,TRUE,4600,1,1,,,,,,Burlington,5401,611,Dispatched & cancelled en route,6,93,Cancelled en route,7/29/2022 13:10,,,7/29/2022 13:11,2500.1333,1.0333,2022,7,Friday,13,1,0,0,0,0,1,0,0,0,2,1,2,3,Mutual aid given,0,0,0,0,0,,,,,960,,,,,,,,,,,,41:40:08
_6E40UCWUO,22-0002589,0,TRUE,4600,OUT,1,1,,North,AVE,,Burlington,5401,611,Dispatched & cancelled en route,6,93,Cancelled en route,7/29/2022 12:52,,,7/29/2022 12:57,2517.7833,5.1667,2022,7,Friday,12,1,0,0,0,0,1,0,0,0,2,1,2,3,Mutual aid given,0,0,0,0,0,,,,,365,,,,,,,,,,,,41:57:47
_6E40UXHMJ,22-0002588,0,TRUE,4600,1,1,26,,Steeplebush,,,South Burlington,5403,111,Building fire,1,10,Fire control or extinguis,7/29/2022 12:19,7/29/2022 12:31,,7/29/2022 14:03,12.7,104.9,2022,7,Friday,12,1,1,1,0,0,0,3,0,0,0,1,3,3,Mutual aid given,0,0,0,0,0,,,,,,,,,,,,,,,,,00:12:42
_6E40WGNNY,22-0002587,0,TRUE,4600,1,3,187,,Juniper,DR,,South Burlington,5403,321,"EMS call, excluding vehicle accident with injury",3,81,Incident command,7/29/2022 10:38,7/29/2022 10:44,,7/29/2022 10:59,6,21.25,2022,7,Friday,10,1,0,0,1,0,0,0,3,0,0,1,3,1,Mutual aid received,0,0,0,0,0,,,,,429,,,,,,,,,,,,00:06:00
_6E40UFGEG,22-0002586,0,TRUE,4600,1,1,5,,Aspen,DR,,South Burlington,5403,321,"EMS call, excluding vehicle accident with injury",3,81,Incident command,7/29/2022 9:47,7/29/2022 9:50,,7/29/2022 10:09,3.5833,22.9667,2022,7,Friday,9,1,0,0,1,0,0,0,3,0,0,1,3,N,None,0,0,0,0,0,,,,,400,,,,,,,,,,,,00:03:35
_6E40U1ESU,22-0002585,0,FALSE,4600,2,2,90,,Allen,RD,,South Burlington,5403,321,"EMS call, excluding vehicle accident with injury",3,81,Incident command,7/29/2022 8:56,7/29/2022 9:00,,7/29/2022 9:44,3.65,47.3167,2022,7,Friday,8,1,0,0,1,0,0,0,2,0,0,1,2,N,None,0,0,0,0,0,,,,,459,,,,,,,,,,,,00:03:39
_6E40Z3YWJ,22-0002584,0,TRUE,4600,2,2,1080,,Shelburne,RD,,South Burlington,5403,600,"Good intent call, Other",6,81,Incident command,7/29/2022 8:47,7/29/2022 8:50,,7/29/2022 8:56,3.4667,9.5833,2022,7,Friday,8,1,0,0,0,0,3,0,0,0,8,3,8,16,Other Aid Received,0,0,0,0,0,,,,,161,,,,,,,,,,,,00:03:28
_6E40FPLFW,22-0002583,0,TRUE,4600,1,1,37,,Forest,ST,,South Burlington,5403,611,Dispatched & cancelled en route,6,93,Cancelled en route,7/29/2022 4:50,,,7/29/2022 4:51,3000.1333,1.9167,2022,7,Friday,4,3,0,0,1,0,1,0,3,0,2,2,5,N,None,0,0,0,0,0,,,,,,,,,,,,,,,,,50:00:08
_6E40FAEDF,22-0002582,0,TRUE,4600,2,2,16,,Harborview,RD,,South Burlington,5403,321,"EMS call, excluding vehicle accident with injury",3,33,Provide advanced life sup,7/29/2022 3:09,7/29/2022 3:12,,7/29/2022 3:36,2.6167,27.3167,2022,7,Friday,3,3,0,0,2,0,0,0,5,0,0,2,5,N,None,0,0,0,0,0,,,,,429,,,,,,,,,,,,00:02:37
_6E40FZF7E,22-0002581,0,TRUE,4600,1,1,1510,,Williston,RD,,South Burlington,5403,735,Alarm system sounded due to malfunction,7,81,Incident command,7/29/2022 2:40,7/29/2022 2:48,,7/29/2022 3:05,8,25.3667,2022,7,Friday,2,3,0,3,0,0,0,8,0,0,0,3,8,N,None,0,0,0,0,0,,,,,429,,,,,,,,,,,,00:08:00
_6E31547V2,22-0002580,0,TRUE,4600,1,1,1200,,Airport,DR,,South Burlington,5403,735,Alarm system sounded due to malfunction,7,81,Incident command,7/28/2022 17:47,7/28/2022 17:50,,7/28/2022 17:56,3.6333,9.65,2022,7,Thursday,17,3,0,1,0,0,0,3,0,0,0,1,3,2,Automatic aid receiv,0,0,0,0,0,,,,,171,,,,,,,,,,,,00:03:38
_6E40GQZLW,22-0002579,0,TRUE,4600,1,1,1200,,Airport,DR,,South Burlington,5403,735,Alarm system sounded due to malfunction,7,81,Incident command,7/28/2022 16:43,7/28/2022 16:47,,7/28/2022 17:00,4.5,17,2022,7,Thursday,16,3,0,2,0,0,0,6,0,0,0,2,6,2,Automatic aid receiv,0,0,0,0,0,,,,,100,,,,,,,,,,,,00:04:30
_6E31381A2,22-0002578,0,TRUE,4600,2,2,907,,Shelburne,RD,,South Burlington,5403,321,"EMS call, excluding vehicle accident with injury",3,31,Provide first aid & check,7/28/2022 16:39,7/28/2022 16:39,,7/28/2022 17:10,0.0667,31.8,2022,7,Thursday,16,3,0,0,2,0,0,0,5,0,0,2,5,N,None,0,0,0,0,0,,,,,429,,,,,,,,,,,,00:00:04
_6E314LZMY,22-0002577,0,TRUE,4600,1,1,1530,,Williston,RD,,South Burlington,5403,321,"EMS call, excluding vehicle accident with injury",3,81,Incident command,7/28/2022 15:28,7/28/2022 15:33,,7/28/2022 15:49,5.5,21.4,2022,7,Thursday,15,3,0,0,2,0,0,0,5,0,0,2,5,N,None,0,0,0,0,0,,,,,311,,,,,,,,,,,,00:05:30
_6E311SCOS,22-0002576,0,TRUE,4600,1,1,100,,Dorset,ST,,South Burlington,5403,324,Motor Vehicle Accident with no injuries,3,81,Incident command,7/28/2022 14:53,7/28/2022 14:57,,7/28/2022 15:13,4.2,20.3333,2022,7,Thursday,14,3,0,1,0,0,0,3,0,0,0,1,3,16,Other Aid Received,0,0,0,0,0,,,,,960,,,,,,,,,,,,00:04:12
_6E311G4JI,22-0002575,0,TRUE,4600,1,1,1530,,Williston,RD,,South Burlington,5403,321,"EMS call, excluding vehicle accident with injury",3,81,Incident command,7/28/2022 14:21,7/28/2022 14:27,,7/28/2022 14:48,6.75,27.8,2022,7,Thursday,14,1,0,0,2,0,0,0,5,0,0,2,5,N,None,0,0,0,0,0,,,,,311,,,,,,,,,,,,00:06:45
_6E30V0T43,22-0002574,0,TRUE,4600,2,2,935,,Shelburne,RD,,South Burlington,5403,600,"Good intent call, Other",6,81,Incident command,7/28/2022 14:10,7/28/2022 14:12,,7/28/2022 14:18,2.7333,8.3167,2022,7,Thursday,14,3,0,0,0,0,2,0,0,0,5,2,5,N,None,0,0,0,0,0,,,,,1,,,,,,,,,,,,00:02:44
_6E30QJI0M,22-0002573,0,TRUE,4600,2,2,370,,Farrell,ST,,South Burlington,5403,555,"Defective elevator, no occupants",5,80,"Information, investigatio",7/28/2022 11:53,7/28/2022 11:56,,7/28/2022 11:56,2.4167,2.4167,2022,7,Thursday,11,3,0,0,0,0,1,0,0,0,3,1,3,N,None,0,0,0,0,0,,,,,429,,,,,,,,,,,,00:02:25
_6E30NAND1,22-0002572,0,TRUE,4600,1,1,2,,Gregory,DR,,South Burlington,5403,741,"Sprinkler activation, no fire - unintentional",7,81,Incident command,7/28/2022 10:18,7/28/2022 10:28,,7/28/2022 10:41,10,23,2022,7,Thursday,10,3,0,2,0,0,0,6,0,0,0,2,6,N,None,0,0,0,0,0,,,,,800,,,,,,,,,,,,00:10:00
_6E30LM5HE,22-0002571,0,TRUE,4600,1,1,155,,Dorset,ST,,South Burlington,5403,745,"Alarm system activation, no fire - unintentional",7,81,Incident command,7/28/2022 8:58,7/28/2022 9:02,,7/28/2022 9:24,4,26,2022,7,Thursday,8,3,0,2,0,0,0,6,0,0,0,2,6,N,None,0,0,0,0,0,,,,,5802,,,,,,,,,,,,00:04:00
_6E30O7F62,22-0002570,0,TRUE,4600,2,2,1080,,Shelburne,RD,,South Burlington,5403,730,"System malfunction, Other",7,80,"Information, investigatio",7/28/2022 8:51,7/28/2022 9:00,,7/28/2022 9:02,8.1333,10.4833,2022,7,Thursday,8,3,0,0,0,0,1,0,0,0,3,1,3,N,None,0,0,0,0,0,,,,,161,,,,,,,,,,,,00:08:08
_6E30LF4M4,22-0002569,0,TRUE,4600,1,1,1272,,Williston,RD,,South Burlington,5403,321,"EMS call, excluding vehicle accident with injury",3,33,Provide advanced life sup,7/28/2022 8:48,7/28/2022 8:53,,7/28/2022 9:06,5,18,2022,7,Thursday,8,3,0,0,2,0,0,0,5,0,0,2,5,N,None,0,0,0,0,0,,,,,439,,,,,,,,,,,,00:05:00
_6E30FX29K,22-0002568,0,TRUE,4600,2,2,90,,Allen,RD,,South Burlington,5403,600,"Good intent call, Other",6,81,Incident command,7/28/2022 6:59,7/28/2022 7:05,,7/28/2022 7:08,6.1,9.2333,2022,7,Thursday,6,2,0,0,0,0,1,0,0,0,3,1,3,N,None,0,0,0,0,0,,,,,459,,,,,,,,,,,,00:06:06
_6E30ECIC8,22-0002567,0,TRUE,4600,2,2,20,,Andrews,AVE,,South Burlington,5403,622,No Incident found on arrival at dispatch address,6,81,Incident command,7/28/2022 0:11,7/28/2022 0:21,,7/28/2022 0:27,10.5667,16.5167,2022,7,Thursday,0,2,0,0,0,0,2,0,0,0,5,2,5,N,None,0,0,0,0,0,,,,,419,,,,,,,,,,,,00:10:34
_6E2186IFP,22-0002566,0,TRUE,4600,1,2,132,,Fieldstone,DR,,South Burlington,5403,733,Smoke detector activation due to malfunction,7,81,Incident command,7/27/2022 19:37,7/27/2022 19:49,,7/27/2022 19:59,12.9333,22.8,2022,7,Wednesday,19,2,0,0,0,0,1,0,0,0,3,1,3,N,None,0,0,0,0,0,,,,,419,,,,,,,,,,,,00:12:56
_6E219K2H8,22-0002565,0,TRUE,4600,1,1,598,,Cheese Factory,RD,,South Burlington,5403,321,"EMS call, excluding vehicle accident with injury",3,33,Provide advanced life sup,7/27/2022 19:23,7/27/2022 19:32,,7/27/2022 19:47,9,24,2022,7,Wednesday,19,2,0,0,2,0,0,0,5,0,0,2,5,N,None,0,0,0,0,0,,,,,960,,,,,,,,,,,,00:09:00
_6E2186B5E,22-0002564,0,TRUE,4600,1,1,155,,Dorset,ST,,South Burlington,5403,321,"EMS call, excluding vehicle accident with injury",3,33,Provide advanced life sup,7/27/2022 14:59,7/27/2022 15:00,,7/27/2022 15:09,1,10,2022,7,Wednesday,14,2,0,0,2,0,0,0,5,0,0,2,5,N,None,0,0,0,0,0,,,,,965,,,,,,,,,,,,00:01:00
_6E2181DQN,22-0002563,0,TRUE,4600,2,1,1041,,Shelburne,RD,,South Burlington,5403,622,No Incident found on arrival at dispatch address,6,81,Incident command,7/27/2022 14:22,7/27/2022 14:34,,7/27/2022 14:37,12,15,2022,7,Wednesday,14,2,0,1,0,0,0,3,0,0,0,1,3,N,None,0,0,0,0,0,,,,,571,,,,,,,,,,,,00:12:00
_6E211W9D1,22-0002562,0,TRUE,4600,1,1,35,,Berkley,ST,,South Burlington,5403,321,"EMS call, excluding vehicle accident with injury",3,33,Provide advanced life sup,7/27/2022 13:54,7/27/2022 13:58,,7/27/2022 14:12,4,18,2022,7,Wednesday,13,2,0,0,1,0,0,0,3,0,0,1,3,16,Other Aid Received,0,0,0,0,0,,,,,419,,,,,,,,,,,,00:04:00
_6E211MICZ,22-0002561,0,TRUE,4600,1,1,364,,Patchen,RD,,South Burlington,5403,321,"EMS call, excluding vehicle accident with injury",3,33,Provide advanced life sup,7/27/2022 13:45,7/27/2022 13:50,,7/27/2022 13:52,5,7,2022,7,Wednesday,13,2,0,0,2,0,0,0,5,0,0,2,5,N,None,0,0,0,0,0,,,,,419,,,,,,,,,,,,00:05:00
_6E2101KWU,22-0002560,0,TRUE,4600,2,1,351,,Farrell,ST,,South Burlington,5403,714,"Central station, malicious false alarm",7,81,Incident command,7/27/2022 11:51,7/27/2022 11:58,,7/27/2022 12:02,7,11,2022,7,Wednesday,11,2,0,2,0,0,0,5,0,0,0,2,5,N,None,0,0,0,0,0,,,,,429,,,,,,,,,,,,00:07:00
_6E30SVNP3,22-0002558,0,TRUE,4600,1,1,155,,Dorset,ST,,South Burlington,5403,321,"EMS call, excluding vehicle accident with injury",3,81,Incident command,7/27/2022 10:06,7/27/2022 10:11,,7/27/2022 10:23,5.3,17.7333,2022,7,Wednesday,10,2,0,0,1,0,0,0,3,0,0,1,3,N,None,0,0,0,0,0,,,,,5802,,,,,,,,,,,,00:05:18
_6E30SFHP2,22-0002557,0,TRUE,4600,7,1,327,,Lime Kiln,RD,,South Burlington,5403,321,"EMS call, excluding vehicle accident with injury",3,81,Incident command,7/27/2022 8:11,7/27/2022 8:20,,7/27/2022 8:30,9.4667,19.4667,2022,7,Wednesday,8,2,0,0,1,0,0,0,2,0,0,1,2,2,Automatic aid receiv,0,0,0,0,0,,,,,429,,,,,,,,,,,,00:09:28
_6E20FQZXN,22-0002556,0,TRUE,4600,1,1,500,,Dorset,ST,,South Burlington,5403,735,Alarm system sounded due to malfunction,7,81,Incident command,7/27/2022 3:58,7/27/2022 4:05,,7/27/2022 4:27,7.0167,29.0167,2022,7,Wednesday,3,1,0,3,0,0,0,8,0,0,0,3,8,N,None,0,0,0,0,0,,,,,215,,,,,,,,,,,,00:07:01
_6E20F92BQ,22-0002555,0,TRUE,4600,1,1,,,Nowland Farm,DR,,South Burlington,5403,510,"Person in distress, Other",5,81,Incident command,7/26/2022 22:55,7/26/2022 23:03,,7/26/2022 23:03,8.2833,8.2833,2022,7,Tuesday,22,1,0,0,2,1,0,0,5,3,0,3,8,16,Other Aid Received,0,0,0,0,0,,,,,931,,,,,,,,,,,,00:08:17
_6E11CLUZT,22-0002554,0,TRUE,4600,1,1,M11,,Stonehedge,DR,,South Burlington,5403,736,CO detector activation due to malfunction,7,81,Incident command,7/26/2022 22:00,7/26/2022 22:10,,7/26/2022 22:25,10,25,2022,7,Tuesday,22,1,0,0,0,0,1,0,0,0,3,1,3,N,None,0,0,0,0,0,,,,,429,,,,,,,,,,,,00:10:00
_6E11AUSBO,22-0002553,0,TRUE,4600,7,3,380,,Lime Kiln,RD,,South Burlington,5403,321,"EMS call, excluding vehicle accident with injury",3,81,Incident command,7/26/2022 20:32,7/26/2022 20:42,,7/26/2022 21:27,10.4667,55.9667,2022,7,Tuesday,20,1,0,0,2,0,0,0,5,0,0,2,5,2,Automatic aid receiv,0,0,0,0,0,,,,,429,,,,,,,,,,,,00:10:28
_6E10TPPJD,22-0002552,0,FALSE,4600,2,2,90,,Allen,RD,,South Burlington,5403,321,"EMS call, excluding vehicle accident with injury",3,31,Provide first aid & check,7/26/2022 12:54,,,,6836.1333,6836.1333,2022,7,Tuesday,12,1,0,0,1,0,0,0,0,0,0,1,0,2,Automatic aid receiv,0,0,0,0,0,,,,,459,,,,,,,,,,,,113:56:0
_6E10V1VAM,22-0002551,0,TRUE,4600,1,1,,,,,,South Burlington,5403,322,Motor vehicle accident with injuries,3,31,Provide first aid & check,7/26/2022 12:42,7/26/2022 12:50,,7/26/2022 13:24,8.6667,42.3333,2022,7,Tuesday,12,1,0,2,1,0,0,6,2,0,0,3,8,N,None,0,0,0,0,0,,,,,960,,,,,,,,,,,,00:08:40
_6E10UT4PS,22-0002550,0,TRUE,4600,1,1,4,,Green Tree,DR,,South Burlington,5403,611,Dispatched & cancelled en route,6,93,Cancelled en route,7/26/2022 12:36,,,7/26/2022 12:40,6854.1333,4.35,2022,7,Tuesday,12,1,0,2,0,0,0,6,0,0,0,2,6,N,None,0,0,0,0,0,,,,,640,,,,,,,,,,,,114:14:0
_6E10SQ07N,22-0002549,0,TRUE,4600,2,1,5,,CENTRAL,AVE,,South Burlington,5403,600,"Good intent call, Other",6,81,Incident command,7/26/2022 12:12,7/26/2022 12:18,,7/26/2022 12:23,6,11,2022,7,Tuesday,12,1,0,0,0,0,2,0,0,0,6,2,6,N,None,0,0,0,0,0,,,,,900,,,,,,,,,,,,00:06:00
_6E10UJNXJ,22-0002548,0,TRUE,4600,1,1,,,White,ST,,South Burlington,5403,322,Motor vehicle accident with injuries,3,31,Provide first aid & check,7/26/2022 11:05,7/26/2022 11:20,,7/26/2022 11:21,15,16.3833,2022,7,Tuesday,11,1,0,2,1,0,0,6,2,0,0,3,8,N,None,0,0,0,0,0,,,,,960,,,,,,,,,,,,00:15:00
_6E10IJK9T,22-0002547,0,TRUE,4600,1,1,,,Market,ST,,South Burlington,5403,321,"EMS call, excluding vehicle accident with injury",3,81,Incident command,7/26/2022 7:48,7/26/2022 7:52,,7/26/2022 8:17,4.7667,29.6667,2022,7,Tuesday,7,1,0,0,3,0,0,0,8,0,0,3,8,16,Other Aid Received,0,0,0,0,0,,,,,965,,,,,,,,,,,,00:04:46
_6E10G91ZY,22-0002546,0,TRUE,4600,1,1,635,,Hinesburg,RD,,South Burlington,5403,700,"False alarm or false call, Other",7,81,Incident command,7/26/2022 7:12,7/26/2022 7:17,,7/26/2022 7:21,5,9,2022,7,Tuesday,7,3,0,0,1,0,0,0,3,0,0,1,3,1,Mutual aid received,0,0,0,0,0,,,,,429,,,,,,,,,,,,00:05:00
_6E10GHJ0C,22-0002545,0,TRUE,4600,1,1,1402,,Brand Farm,DR,,South Burlington,5403,321,"EMS call, excluding vehicle accident with injury",3,33,Provide advanced life sup,7/26/2022 7:00,7/26/2022 7:07,,7/26/2022 7:13,7,13,2022,7,Tuesday,7,3,0,0,2,0,0,0,5,0,0,2,5,N,None,0,0,0,0,0,,,,,429,,,,,,,,,,,,00:07:00
_6E01ARFWY,22-0002544,0,TRUE,4600,1,1,200,,Market,ST,,South Burlington,5403,321,"EMS call, excluding vehicle accident with injury",3,33,Provide advanced life sup,7/25/2022 20:21,7/25/2022 20:26,,7/25/2022 20:42,5,21,2022,7,Monday,20,3,0,0,1,0,0,0,3,0,0,1,3,16,Other Aid Received,0,0,0,0,0,,,,,213,,,,,,,,,,,,00:05:00
_6E10F9MEB,22-0002543,0,TRUE,4600,2,2,33,,Hadley,RD,,South Burlington,5403,321,"EMS call, excluding vehicle accident with injury",3,81,Incident command,7/25/2022 19:55,7/25/2022 19:59,,7/25/2022 20:30,4.5667,35.4333,2022,7,Monday,19,3,0,0,2,0,0,0,5,0,0,2,5,N,None,0,0,0,0,0,,,,,419,,,,,,,,,,,,00:04:34
_6E0184VLQ,22-0002542,0,TRUE,4600,2,2,90,,Allen,RD,,South Burlington,5403,321,"EMS call, excluding vehicle accident with injury",3,81,Incident command,7/25/2022 18:58,7/25/2022 19:03,,7/25/2022 19:17,5.4667,19.5167,2022,7,Monday,18,3,0,0,2,0,0,0,5,0,0,2,5,N,None,0,0,0,0,0,,,,,459,,,,,,,,,,,,00:05:28
_6E011JMMU,22-0002541,0,TRUE,4600,2,2,20,,Harborview,RD,,South Burlington,5403,321,"EMS call, excluding vehicle accident with injury",3,32,Provide basic life suppor,7/25/2022 15:41,7/25/2022 15:52,,7/25/2022 16:00,11,19,2022,7,Monday,15,1,0,0,1,0,0,0,2,0,0,1,2,N,None,0,0,0,0,0,,,,,311,,,,,,,,,,,,00:11:00
_6E01AJDAV,22-0002540,0,TRUE,4600,7,1,329,,Lime Kiln,RD,,South Burlington,5403,321,"EMS call, excluding vehicle accident with injury",3,32,Provide basic life suppor,7/25/2022 15:19,7/25/2022 15:25,,7/25/2022 15:44,5.9833,24.9833,2022,7,Monday,15,3,0,0,1,0,0,0,1,0,0,1,1,2,Automatic aid receiv,0,0,0,0,0,,,,,429,,,,,,,,,,,,00:05:59
_6E01AALDG,22-0002539,0,TRUE,4600,1,1,30,,Kimball,AVE,,South Burlington,5403,113,"Cooking fire, confined to container",1,81,Incident command,7/25/2022 15:19,7/25/2022 15:25,,7/25/2022 15:40,6,21,2022,7,Monday,15,3,0,2,0,0,0,6,0,0,0,2,6,N,None,0,0,0,0,0,1,Detector alerted occupant,,,599,,,,,,,,,,,,00:06:00
_6E00YTIL0,22-0002538,0,TRUE,4600,2,2,90,,Allen,RD,,South Burlington,5403,321,"EMS call, excluding vehicle accident with injury",3,30,Emergency medical service,7/25/2022 14:35,7/25/2022 14:42,,7/25/2022 14:56,7.2333,21.8667,2022,7,Monday,14,3,0,0,1,0,0,0,2,0,0,1,2,N,None,0,0,0,0,0,,,,,459,,,,,,,,,,,,00:07:14
_6E016KHEJ,22-0002537,0,TRUE,4600,1,2,21,,Gilbert,ST,,South Burlington,5403,542,Animal rescue,5,81,Incident command,7/25/2022 14:31,7/25/2022 14:36,,7/25/2022 17:17,5.6667,166.05,2022,7,Monday,14,3,0,2,0,0,0,6,0,0,0,2,6,N,None,0,0,0,0,0,,,,,419,,,,,,,,,,,,00:05:40
_6E01A3AT0,22-0002536,0,TRUE,4600,1,1,1402,,Brand Farm,DR,,South Burlington,5403,321,"EMS call, excluding vehicle accident with injury",3,33,Provide advanced life sup,7/25/2022 12:47,7/25/2022 12:53,,7/25/2022 13:05,6,18,2022,7,Monday,12,3,0,0,2,0,0,0,5,0,0,2,5,N,None,0,0,0,0,0,,,,,429,,,,,,,,,,,,00:06:00
_6E019R182,22-0002535,0,TRUE,4600,1,1,1076,,Williston,RD,,South Burlington,5403,321,"EMS call, excluding vehicle accident with injury",3,33,Provide advanced life sup,7/25/2022 10:51,7/25/2022 10:58,,7/25/2022 11:09,7,18,2022,7,Monday,10,3,0,0,2,0,0,0,5,0,0,2,5,N,None,0,0,0,0,0,,,,,449,,,,,,,,,,,,00:07:00
_6E00OS3RC,22-0002534,0,TRUE,4600,2,2,38,,McIntosh,AVE,,South Burlington,5403,700,"False alarm or false call, Other",7,81,Incident command,7/25/2022 10:35,7/25/2022 10:39,,7/25/2022 10:43,4.3167,8.0167,2022,7,Monday,10,3,0,0,1,0,1,0,2,0,3,2,5,N,None,0,0,0,0,0,,,,,419,,,,,,,,,,,,00:04:19
_6E00MO9AG,22-0002533,0,TRUE,4600,1,1,87,,Meadowland,DR,E,South Burlington,5403,741,"Sprinkler activation, no fire - unintentional",7,81,Incident command,7/25/2022 8:45,7/25/2022 8:53,,7/25/2022 9:05,8,20,2022,7,Monday,8,3,0,3,0,0,0,8,0,0,0,3,8,N,None,0,0,0,0,0,,,,,700,,,,,,,,,,,,00:08:00
_6E00O9GJL,22-0002532,0,TRUE,4600,1,2,L3,,Stonehedge,DR,,South Burlington,5403,321,"EMS call, excluding vehicle accident with injury",3,31,Provide first aid & check,7/25/2022 8:34,7/25/2022 8:42,,7/25/2022 8:52,8.5833,18,2022,7,Monday,8,3,0,0,2,0,0,0,5,0,0,2,5,N,None,0,0,0,0,0,,,,,429,,,,,,,,,,,,00:08:35
_6E00HYGYF,22-0002531,0,TRUE,4600,1,1,1,,Kennedy,DR,,South Burlington,5403,650,"Steam, Other gas mistaken for smoke, Other",6,81,Incident command,7/25/2022 8:06,7/25/2022 8:10,,7/25/2022 8:15,4,9,2022,7,Monday,8,3,0,0,0,0,1,0,0,0,3,1,3,N,None,0,0,0,0,0,,,,,965,,,,,,,,,,,,00:04:00
_6E00FJ4ZD,22-0002530,0,TRUE,4600,1,1,21,,S Henry,CT,,South Burlington,5403,321,"EMS call, excluding vehicle accident with injury",3,33,Provide advanced life sup,7/24/2022 21:33,7/24/2022 21:40,,7/24/2022 21:57,6.9667,23.9667,2022,7,Sunday,21,2,0,0,1,0,0,0,3,0,0,1,3,16,Other Aid Received,0,0,0,0,0,,,,,419,,,,,,,,,,,,00:06:58
_6DZ1BKDNG,22-0002529,0,TRUE,4600,1,2,      37,,Victory,DR,,South Burlington,5403,321,"EMS call, excluding vehicle accident with injury",3,81,Incident command,7/24/2022 21:33,7/24/2022 21:39,,7/24/2022 21:47,6.8167,14.4833,2022,7,Sunday,21,2,0,0,2,0,0,0,3,0,0,2,3,N,None,0,0,0,0,0,,,,,419,,,,,,,,,,,,00:06:49
_6DZ194SHK,22-0002528,0,TRUE,4600,1,1,1,,Dorset,ST,,South Burlington,5403,321,"EMS call, excluding vehicle accident with injury",3,33,Provide advanced life sup,7/24/2022 20:20,7/24/2022 20:24,,7/24/2022 20:34,4,14,2022,7,Sunday,20,2,0,0,2,0,0,0,3,0,0,2,3,N,None,0,0,0,0,0,,,,,580,,,,,,,,,,,,00:04:00
_6DZ15S1P0,22-0002527,0,TRUE,4600,2,2,1125,,Shelburne,RD,,South Burlington,5403,321,"EMS call, excluding vehicle accident with injury",3,81,Incident command,7/24/2022 17:46,7/24/2022 17:50,,7/24/2022 17:59,3.75,13.2,2022,7,Sunday,17,2,0,0,2,0,0,0,5,0,0,2,5,16,Other Aid Received,0,0,0,0,0,,,,,161,,,,,,,,,,,,00:03:45
_6DZ13U8ND,22-0002526,0,TRUE,4600,2,2,1125,,Shelburne,RD,,South Burlington,5403,321,"EMS call, excluding vehicle accident with injury",3,73,Provide manpower,7/24/2022 17:12,7/24/2022 17:18,,7/24/2022 17:38,6.0167,26.0667,2022,7,Sunday,17,2,0,0,3,0,0,0,8,0,0,3,8,5,Other aid given,0,0,0,0,0,,,,,161,,,,,,,,,,,,00:06:01
_6DZ0ZV4H0,22-0002525,0,TRUE,4600,1,1,1076,,Williston,RD,,South Burlington,5403,552,Police matter,5,81,Incident command,7/24/2022 14:45,7/24/2022 14:50,,7/24/2022 14:58,5,13,2022,7,Sunday,14,2,0,0,2,0,0,0,5,0,0,2,5,N,None,0,0,0,0,0,,,,,161,,,,,,,,,,,,00:05:00
_6DZ0PYXM9,22-0002524,0,TRUE,4600,2,2,794,,Shelburne,RD,,South Burlington,5403,600,"Good intent call, Other",6,81,Incident command,7/24/2022 11:37,7/24/2022 11:42,,7/24/2022 11:49,4.9833,11.9333,2022,7,Sunday,11,2,0,0,0,0,1,0,0,0,3,1,3,1,Mutual aid received,0,0,0,0,0,,,,,926,,,,,,,,,,,,00:04:59
_6DZ0YYGPT,22-0002523,0,TRUE,4600,1,1,465,,Quarry Hill,RD,,South Burlington,5403,321,"EMS call, excluding vehicle accident with injury",3,33,Provide advanced life sup,7/24/2022 11:29,7/24/2022 11:38,,7/24/2022 11:51,9,22,2022,7,Sunday,11,2,0,0,2,0,0,0,5,0,0,2,5,N,None,0,0,0,0,0,,,,,429,,,,,,,,,,,,00:09:00
_6DZ0SDVC9,22-0002522,0,TRUE,4600,1,1,82,,Anderson,PKY,,South Burlington,5403,321,"EMS call, excluding vehicle accident with injury",3,33,Provide advanced life sup,7/24/2022 10:35,7/24/2022 10:42,,7/24/2022 10:58,7,23,2022,7,Sunday,10,2,0,0,2,0,0,0,5,0,0,2,5,N,None,0,0,0,0,0,,,,,459,,,,,,,,,,,,00:07:00
_6DZ0R0JH1,22-0002521,0,TRUE,4600,1,1,465,,Quarry Hill,RD,,South Burlington,5403,321,"EMS call, excluding vehicle accident with injury",3,33,Provide advanced life sup,7/24/2022 8:06,7/24/2022 8:13,,7/24/2022 8:22,7,16,2022,7,Sunday,8,2,0,0,2,0,0,0,5,0,0,2,5,N,None,0,0,0,0,0,,,,,429,,,,,,,,,,,,00:07:00
_6DZ0DHT4W,22-0002520,0,TRUE,4600,1,1,10,,Berkley,ST,,South Burlington,5403,500,"Service Call, other",5,81,Incident command,7/24/2022 5:25,7/24/2022 5:35,,7/24/2022 5:55,10.3167,30.95,2022,7,Sunday,5,1,0,2,0,0,0,6,0,0,0,2,6,N,None,0,0,0,0,0,,,,,419,,,,,,,,,,,,00:10:19
_6DZ0EAB5A,22-0002519,0,TRUE,4600,2,2,345,,Farrell,ST,,South Burlington,5403,321,"EMS call, excluding vehicle accident with injury",3,33,Provide advanced life sup,7/24/2022 0:49,7/24/2022 0:56,,7/24/2022 1:11,7,22,2022,7,Sunday,0,1,0,0,2,0,0,0,5,0,0,2,5,N,None,0,0,0,0,0,,,,,429,,,,,,,,,,,,00:07:00
_6DZ0E06FQ,22-0002518,0,TRUE,4600,2,3,412,,Farrell,ST,,South Burlington,5403,321,"EMS call, excluding vehicle accident with injury",3,33,Provide advanced life sup,7/23/2022 23:14,7/23/2022 23:21,,7/23/2022 23:42,7,28,2022,7,Saturday,23,1,0,0,2,0,0,0,5,0,0,2,5,N,None,0,0,0,0,0,,,,,429,,,,,,,,,,,,00:07:00
_6DZ0DRHVG,22-0002517,0,TRUE,4600,2,1,347,,Farrell,ST,,South Burlington,5403,353,Removal of victim(s) from stalled elevator,3,73,Provide manpower,7/23/2022 22:25,7/23/2022 22:33,,7/23/2022 22:52,8,27,2022,7,Saturday,22,1,0,0,0,1,0,0,0,3,0,1,3,N,None,0,0,0,0,0,,,,,429,,,,,,,,,,,,00:08:00
_6DY1B6X46,22-0002516,0,TRUE,4600,1,3,430,,Quarry Hill,RD,,South Burlington,5403,500,"Service Call, other",5,81,Incident command,7/23/2022 21:23,7/23/2022 21:31,,7/23/2022 21:47,8.1667,24.4333,2022,7,Saturday,21,1,0,1,0,0,0,3,0,0,0,1,3,N,None,0,0,0,0,0,,,,,429,,,,,,,,,,,,00:08:10
_6DY19B8DQ,22-0002515,0,TRUE,4600,1,3,31,,Winding Brook,DR,,South Burlington,5403,500,"Service Call, other",5,81,Incident command,7/23/2022 20:11,7/23/2022 20:16,,7/23/2022 20:22,5.0667,11.55,2022,7,Saturday,20,1,0,0,0,0,1,0,0,0,3,1,3,N,None,0,0,0,0,0,,,,,429,,,,,,,,,,,,00:05:04
_6DZ0E3VFQ,22-0002514,0,TRUE,4600,1,1,155,,Dorset,ST,,South Burlington,5403,321,"EMS call, excluding vehicle accident with injury",3,81,Incident command,7/23/2022 17:42,7/23/2022 17:49,,7/23/2022 18:09,7.3,27.8667,2022,7,Saturday,17,1,0,0,1,0,0,0,3,0,0,1,3,2,Automatic aid receiv,0,0,0,0,0,,,,,5802,,,,,,,,,,,,00:07:18
_6DY13JSMK,22-0002513,0,TRUE,4600,2,3,1704,,Shelburne,RD,,South Burlington,5403,321,"EMS call, excluding vehicle accident with injury",3,33,Provide advanced life sup,7/23/2022 17:40,7/23/2022 17:46,,7/23/2022 17:56,6,16,2022,7,Saturday,17,1,0,0,2,0,0,0,5,0,0,2,5,N,None,0,0,0,0,0,,,,,419,,,,,,,,,,,,00:06:00
_6DZ0F7ANQ,22-0002512,0,TRUE,4600,1,1,1205,,Williston,RD,,South Burlington,5403,321,"EMS call, excluding vehicle accident with injury",3,81,Incident command,7/23/2022 17:01,7/23/2022 17:08,,7/23/2022 17:24,7.3333,23.5167,2022,7,Saturday,17,1,0,0,1,0,0,0,3,0,0,1,3,1,Mutual aid received,0,0,0,0,0,,,,,161,,,,,,,,,,,,00:07:20
_6DY13B43J,22-0002511,0,TRUE,4600,2,3,1200,,Shelburne,RD,,South Burlington,5403,321,"EMS call, excluding vehicle accident with injury",3,33,Provide advanced life sup,7/23/2022 16:45,7/23/2022 16:49,,7/23/2022 16:56,4,11,2022,7,Saturday,16,1,0,0,2,0,0,0,5,0,0,2,5,N,None,0,0,0,0,0,,,,,439,,,,,,,,,,,,00:04:00
_6DY12ZRDE,22-0002510,0,TRUE,4600,OUT,1,2989,,Shelburne,RD,,South Burlington,5403,321,"EMS call, excluding vehicle accident with injury",3,33,Provide advanced life sup,7/23/2022 15:40,7/23/2022 15:45,,7/23/2022 15:59,5,19,2022,7,Saturday,15,1,0,0,2,0,0,0,5,0,0,2,5,3,Mutual aid given,0,0,0,0,0,,,,,,,,,,,,,,,,,00:05:00
_6DY0Z2YQN,22-0002509,0,TRUE,4600,2,3,1200,,Shelburne,RD,,South Burlington,5403,740,"Unintentional transmission of alarm, Other",7,63,Restore fire alarm system,7/23/2022 15:23,7/23/2022 15:25,,7/23/2022 15:43,2,20,2022,7,Saturday,15,1,0,0,0,0,3,0,0,0,8,3,8,N,None,0,0,0,0,0,,,,,439,,,,,,,,,,,,00:02:00
_6DY1CDK4S,22-0002508,0,TRUE,4600,1,1,155,,Dorset,ST,,South Burlington,5403,321,"EMS call, excluding vehicle accident with injury",3,81,Incident command,7/23/2022 15:11,7/23/2022 15:15,,7/23/2022 15:23,4,12,2022,7,Saturday,15,1,0,0,2,0,0,0,5,0,0,2,5,N,None,0,0,0,0,0,,,,,161,,,,,,,,,,,,00:04:00
_6DY1BVEWL,22-0002507,0,TRUE,4600,1,1,155,,Dorset,ST,,South Burlington,5403,321,"EMS call, excluding vehicle accident with injury",3,81,Incident command,7/23/2022 14:53,7/23/2022 14:57,,7/23/2022 15:07,4,14,2022,7,Saturday,14,1,0,0,2,0,0,0,5,0,0,2,5,N,None,0,0,0,0,0,,,,,581,,,,,,,,,,,,00:04:00
_6DY1BLAFA,22-0002506,0,TRUE,4600,2,2,412,,Farrell,ST,,South Burlington,5403,321,"EMS call, excluding vehicle accident with injury",3,81,Incident command,7/23/2022 13:05,7/23/2022 13:11,,7/23/2022 13:27,6.6167,22.4667,2022,7,Saturday,13,1,0,0,2,0,0,0,5,0,0,2,5,N,None,0,0,0,0,0,,,,,429,,,,,,,,,,,,00:06:37
_6DY0Y4OAJ,22-0002505,0,TRUE,4600,1,1,155,,Dorset,ST,,South Burlington,5403,551,Assist police or other governmental agency,5,0,"Action taken, Other",7/23/2022 12:55,7/23/2022 12:56,,7/23/2022 12:56,1.1333,1.1333,2022,7,Saturday,12,1,0,0,0,0,1,0,0,0,3,1,3,N,None,0,0,0,0,0,,,,,965,,,,,,,,,,,,00:01:08
_6DY0YSVHO,22-0002504,0,TRUE,4600,2,2,20,,Harborview,RD,,South Burlington,5403,321,"EMS call, excluding vehicle accident with injury",3,33,Provide advanced life sup,7/23/2022 12:10,7/23/2022 12:12,,7/23/2022 12:40,2,30,2022,7,Saturday,12,1,0,0,1,0,0,0,3,0,0,1,3,1,Mutual aid received,0,0,0,0,0,,,,,311,,,,,,,,,,,,00:02:00
_6DY0UN74U,22-0002503,0,TRUE,4600,1,1,1220,,Williston,RD,,South Burlington,5403,321,"EMS call, excluding vehicle accident with injury",3,81,Incident command,7/23/2022 12:05,7/23/2022 12:11,,7/23/2022 12:23,6.65,18.15,2022,7,Saturday,12,1,0,0,2,0,0,0,5,0,0,2,5,N,None,0,0,0,0,0,,,,,161,,,,,,,,,,,,00:06:39
_6DY0PONQG,22-0002502,0,TRUE,4600,1,1,909,,Dorset,ST,,South Burlington,5403,321,"EMS call, excluding vehicle accident with injury",3,81,Incident command,7/23/2022 10:54,7/23/2022 10:59,,7/23/2022 11:11,5.45,17.05,2022,7,Saturday,10,1,0,0,2,0,0,0,5,0,0,2,5,N,None,0,0,0,0,0,,,,,419,,,,,,,,,,,,00:05:27
_6DY0OF7DO,22-0002501,0,TRUE,4600,1,1,38,,South Winooski Ave,,,South Burlington,5403,611,Dispatched & cancelled en route,6,93,Cancelled en route,7/23/2022 10:28,,,7/23/2022 10:30,11302.1333,2.7,2022,7,Saturday,10,1,0,0,1,0,0,0,2,0,0,1,2,3,Mutual aid given,0,0,0,0,0,,,,,,,,,,,,,,,,,188:22:0
_6DY0FK2LW,22-0002500,0,TRUE,4600,2,2,222,,Laurel Hill,DR,,South Burlington,5403,321,"EMS call, excluding vehicle accident with injury",3,33,Provide advanced life sup,7/23/2022 5:36,7/23/2022 5:43,,7/23/2022 6:25,7.1333,49.0667,2022,7,Saturday,5,3,0,0,1,0,0,0,3,0,0,1,3,16,Other Aid Received,0,0,0,0,0,,,,,419,,,,,,,,,,,,00:07:08
_6DY0D97AX,22-0002499,0,TRUE,4600,1,1,82,,Anderson,PKY,,South Burlington,5403,321,"EMS call, excluding vehicle accident with injury",3,32,Provide basic life suppor,7/23/2022 5:23,7/23/2022 5:25,,7/23/2022 5:38,2,15,2022,7,Saturday,5,3,0,0,1,0,0,0,3,0,0,1,3,16,Other Aid Received,0,0,0,0,0,,,,,459,,,,,,,,,,,,00:02:00
_6DY0CXQJH,22-0002498,0,TRUE,4600,1,1,1200,,Airport,DR,,South Burlington,5403,321,"EMS call, excluding vehicle accident with injury",3,32,Provide basic life suppor,7/23/2022 5:09,7/23/2022 5:09,,7/23/2022 6:06,0,57,2022,7,Saturday,5,2,0,0,2,0,0,0,5,0,0,2,5,1,Mutual aid received,0,0,0,0,0,,,,,171,,,,,,,,,,,,00:00:00
_6DY0COT71,22-0002497,0,TRUE,4600,1,1,31,,Winding Brook,DR,,South Burlington,5403,553,Public service,5,81,Incident command,7/23/2022 2:09,7/23/2022 2:14,,7/23/2022 2:22,5,13,2022,7,Saturday,2,3,0,0,0,0,1,0,0,0,3,1,3,N,None,0,0,0,0,0,,,,,429,,,,,,,,,,,,00:05:00
_6DY0EQF6Z,22-0002496,0,TRUE,4600,OUT,1,584,,Ridgefield,DR,,South Burlington,5403,111,Building fire,1,73,Provide manpower,7/23/2022 1:27,7/23/2022 1:36,,7/23/2022 5:05,9.3333,217.5333,2022,7,Saturday,1,3,1,2,0,0,0,5,0,0,0,2,5,4,Automatic aid given,0,0,0,0,0,,,,,419,,,,,,,,,,,,00:09:20
_6DY0EJ274,22-0002495,0,TRUE,4600,2,2,345,,Farrell,ST,,South Burlington,5403,321,"EMS call, excluding vehicle accident with injury",3,81,Incident command,7/22/2022 23:55,7/22/2022 23:59,,7/23/2022 0:13,4.1333,18.4833,2022,7,Friday,23,3,0,0,1,0,0,0,3,0,0,1,3,16,Other Aid Received,0,0,0,0,0,,,,,429,,,,,,,,,,,,00:04:08
_6DY00FMXN,22-0002494,0,TRUE,4600,1,1,151,,Two Brothers,DR,,South Burlington,5403,321,"EMS call, excluding vehicle accident with injury",3,32,Provide basic life suppor,7/22/2022 23:07,7/22/2022 23:13,,7/22/2022 23:56,6,49,2022,7,Friday,23,3,0,0,2,0,0,0,5,0,0,2,5,N,None,0,0,0,0,0,,,,,419,,,,,,,,,,,,00:06:00
_6DX19NTMV,22-0002493,0,TRUE,4600,1,1,8,,Timber,LANE,,South Burlington,5403,321,"EMS call, excluding vehicle accident with injury",3,32,Provide basic life suppor,7/22/2022 20:37,7/22/2022 20:42,,7/22/2022 21:12,5,35,2022,7,Friday,20,3,0,0,2,0,0,0,5,0,0,2,5,N,None,0,0,0,0,0,,,,,429,,,,,,,,,,,,00:05:00
_6DX0Z5KIE,22-0002492,0,TRUE,4600,1,1,62,,Tilley,DR,,South Burlington,5403,321,"EMS call, excluding vehicle accident with injury",3,32,Provide basic life suppor,7/22/2022 15:32,7/22/2022 15:37,,7/22/2022 15:54,5,22,2022,7,Friday,15,3,0,0,2,0,0,0,5,0,0,2,5,N,None,0,0,0,0,0,,,,,599,,,,,,,,,,,,00:05:00
_6DX0UI7JD,22-0002491,0,TRUE,4600,1,1,465,,Quarry Hill,RD,,South Burlington,5403,321,"EMS call, excluding vehicle accident with injury",3,32,Provide basic life suppor,7/22/2022 13:33,7/22/2022 13:41,,7/22/2022 13:57,8,24,2022,7,Friday,13,3,0,0,2,0,0,0,5,0,0,2,5,N,None,0,0,0,0,0,,,,,311,,,,,,,,,,,,00:08:00
_6DX0SX09C,22-0002490,0,TRUE,4600,1,1,481,,White,ST,,South Burlington,5403,321,"EMS call, excluding vehicle accident with injury",3,32,Provide basic life suppor,7/22/2022 12:43,7/22/2022 12:43,,7/22/2022 12:57,0,14,2022,7,Friday,12,3,0,0,2,0,0,0,5,0,0,2,5,N,None,0,0,0,0,0,,,,,300,,,,,,,,,,,,00:00:00
_6DX0U6VAV,22-0002489,0,TRUE,4600,2,1,38,,McIntosh,AVE,,South Burlington,5403,321,"EMS call, excluding vehicle accident with injury",3,32,Provide basic life suppor,7/22/2022 11:24,7/22/2022 11:27,,7/22/2022 11:37,3.0333,13.5167,2022,7,Friday,11,3,0,0,2,0,0,0,5,0,0,2,5,N,None,0,0,0,0,0,,,,,419,,,,,,,,,,,,00:03:02
_6DX0SLDK7,22-0002488,0,TRUE,4600,1,1,11,,Iby,ST,,South Burlington,5403,600,"Good intent call, Other",6,32,Provide basic life suppor,7/22/2022 10:52,7/22/2022 10:57,,7/22/2022 11:30,5,38,2022,7,Friday,10,3,0,0,0,0,1,0,0,0,3,1,3,N,None,0,0,0,0,0,,,,,419,,,,,,,,,,,,00:05:00
_6DX0X2RO4,22-0002487,0,TRUE,4600,1,1,228,,Aviation,AVE,,South Burlington,5403,300,"Rescue, EMS incident, other",3,34,Transport person,7/22/2022 9:14,7/22/2022 9:27,,7/22/2022 9:30,13.2667,16.2667,2022,7,Friday,9,3,0,0,0,0,1,0,0,0,2,1,2,4,Automatic aid given,0,0,0,0,0,,,,,900,,,,,,,,,,,,00:13:16
_6DX0GF9GP,22-0002486,0,TRUE,4600,1,1,53,,Helen,AVE,,South Burlington,5403,510,"Person in distress, Other",5,81,Incident command,7/22/2022 7:01,7/22/2022 7:12,,7/22/2022 7:25,11.8333,24.0833,2022,7,Friday,7,1,0,0,1,0,0,0,3,0,0,1,3,N,None,0,0,0,0,0,,,,,419,,,,,,,,,,,,00:11:50
_6DX0GP3EY,22-0002485,0,TRUE,4600,1,1,125,,Kennedy,DR,,South Burlington,5403,321,"EMS call, excluding vehicle accident with injury",3,81,Incident command,7/22/2022 6:41,7/22/2022 6:48,,7/22/2022 7:13,7.4333,32.2,2022,7,Friday,6,2,0,0,3,0,0,0,8,0,0,3,8,16,Other Aid Received,0,0,0,0,0,,,,,429,,,,,,,,,,,,00:07:26
_6DY0NBZBQ,22-0002484,0,TRUE,4600,1,1,51,,Bayberry,LA,,South Burlington,5403,500,"Service Call, other",5,81,Incident command,7/22/2022 4:16,7/22/2022 4:23,,7/22/2022 4:38,7.1333,22.05,2022,7,Friday,4,2,0,0,0,0,1,0,0,0,3,1,3,N,None,0,0,0,0,0,,,,,429,,,,,,,,,,,,00:07:08
_6DX0C323E,22-0002483,0,TRUE,4600,2,2,1016,,Shelburne,RD,,South Burlington,5403,321,"EMS call, excluding vehicle accident with injury",3,81,Incident command,7/22/2022 4:00,7/22/2022 4:05,,7/22/2022 4:18,4.8167,18.3,2022,7,Friday,4,2,0,0,2,0,0,0,5,0,0,2,5,N,None,0,0,0,0,0,,,,,449,,,,,,,,,,,,00:04:49
_6DX0AWU3F,22-0002482,0,TRUE,4600,2,2,1407,,Shelburne,RD,,South Burlington,5403,321,"EMS call, excluding vehicle accident with injury",3,81,Incident command,7/22/2022 1:55,7/22/2022 2:04,,7/22/2022 2:09,9.2333,14.65,2022,7,Friday,1,2,1,0,2,0,0,0,5,0,0,2,5,N,None,0,0,0,0,0,,,,,419,,,,,,,,,,,,00:09:14
_6DY0MX2FA,22-0002481,0,TRUE,4600,1,1,33,,Victory,DR,,South Burlington,5403,321,"EMS call, excluding vehicle accident with injury",3,81,Incident command,7/22/2022 0:06,7/22/2022 0:15,,7/22/2022 0:30,9.6,24.8833,2022,7,Friday,0,2,0,0,2,0,0,0,5,0,0,2,5,N,None,0,0,0,0,0,,,,,419,,,,,,,,,,,,00:09:36
_6DW195LI0,22-0002480,0,TRUE,4600,1,1,87,,Hawthorne,CIR,,South Burlington,5403,321,"EMS call, excluding vehicle accident with injury",3,81,Incident command,7/21/2022 16:48,7/21/2022 16:54,,7/21/2022 17:06,6.1167,18.0667,2022,7,Thursday,16,2,0,0,2,0,0,0,5,0,0,2,5,16,Other Aid Received,0,0,0,0,0,,,,,429,,,,,,,,,,,,00:06:07
_6DW18VIFR,22-0002479,0,TRUE,4600,1,1,21,,S. Henry Court,ST,,South Burlington,5403,321,"EMS call, excluding vehicle accident with injury",3,81,Incident command,7/21/2022 14:41,7/21/2022 14:47,,7/21/2022 15:05,6.9667,24.9167,2022,7,Thursday,14,1,0,0,2,0,0,0,5,0,0,2,5,N,None,0,0,0,0,0,,,,,419,,,,,,,,,,,,00:06:58
_6DW18HNIN,22-0002478,0,TRUE,4600,1,1,401,,Dorset,ST,,South Burlington,5403,600,"Good intent call, Other",6,81,Incident command,7/21/2022 14:32,7/21/2022 14:35,,7/21/2022 14:41,3.85,9.4,2022,7,Thursday,14,2,0,0,2,0,0,0,5,0,0,2,5,N,None,0,0,0,0,0,,,,,449,,,,,,,,,,,,00:03:51
_6DW149H6Q,22-0002477,0,TRUE,4600,1,1,5,,Aspen,DR,,South Burlington,5403,321,"EMS call, excluding vehicle accident with injury",3,81,Incident command,7/21/2022 14:02,7/21/2022 14:05,,7/21/2022 14:34,3.65,32.75,2022,7,Thursday,14,2,0,0,1,0,0,0,3,0,0,1,3,1,Mutual aid received,0,0,0,0,0,,,,,400,,,,,,,,,,,,00:03:39
_6DW0XPK7Z,22-0002476,0,TRUE,4600,7,3,329,,Lime Kiln,RD,,South Burlington,5403,321,"EMS call, excluding vehicle accident with injury",3,81,Incident command,7/21/2022 13:07,7/21/2022 13:13,,7/21/2022 13:19,6,12.4667,2022,7,Thursday,13,2,0,0,1,0,0,0,3,0,0,1,3,1,Mutual aid received,0,0,0,0,0,,,,,429,,,,,,,,,,,,00:06:00
_6DW0XD582,22-0002475,0,TRUE,4600,1,1,228,,Aviation,AVE,,South Burlington,5403,321,"EMS call, excluding vehicle accident with injury",3,81,Incident command,7/21/2022 12:50,7/21/2022 13:10,,7/21/2022 13:32,20.3333,42.3333,2022,7,Thursday,12,2,0,0,1,0,0,0,2,0,0,1,2,N,None,0,0,0,0,0,,,,,900,,,,,,,,,,,,00:20:20
_6DW0P9SMW,22-0002474,0,TRUE,4600,1,3,75,,San Remo,DR,,South Burlington,5403,321,"EMS call, excluding vehicle accident with injury",3,81,Incident command,7/21/2022 9:52,7/21/2022 9:56,,7/21/2022 10:05,4.4,13.7,2022,7,Thursday,9,2,0,0,2,0,0,0,5,0,0,2,5,N,None,0,0,0,0,0,,,,,340,,,,,,,,,,,,00:04:24
_6DW131QR6,22-0002473,0,TRUE,4600,2,2,90,,Allen,RD,,South Burlington,5403,321,"EMS call, excluding vehicle accident with injury",3,81,Incident command,7/21/2022 8:25,7/21/2022 8:37,,7/21/2022 8:47,12.4333,22.4,2022,7,Thursday,8,2,0,0,1,0,0,0,2,0,0,1,2,N,None,0,0,0,0,0,,,,,459,,,,,,,,,,,,00:12:26
_6DX0V2ZKS,22-0002472,0,TRUE,4600,2,2,580,,Shelburne,RD,,South Burlington,5403,552,Police matter,5,30,Emergency medical service,7/21/2022 7:41,7/21/2022 7:44,,7/21/2022 7:49,3,8,2022,7,Thursday,7,1,0,0,0,0,2,0,0,0,5,2,5,N,None,0,0,0,0,0,,,,,965,,,,,,,,,,,,00:03:00
_6DW0DZOTG,22-0002471,0,TRUE,4600,2,2,35,,Joy,DR,,South Burlington,5403,321,"EMS call, excluding vehicle accident with injury",3,32,Provide basic life suppor,7/21/2022 5:56,7/21/2022 6:00,,7/21/2022 6:16,4,20,2022,7,Thursday,5,1,0,0,2,0,0,0,5,0,0,2,5,N,None,0,0,0,0,0,,,,,340,,,,,,,,,,,,00:04:00
_6DW0K0M29,22-0002470,0,TRUE,4600,1,1,2003,,Brand Farm,DR,,South Burlington,5403,321,"EMS call, excluding vehicle accident with injury",3,81,Incident command,7/21/2022 1:18,7/21/2022 1:26,,7/21/2022 1:46,8.6667,28.3,2022,7,Thursday,1,1,0,0,2,0,0,0,5,0,0,2,5,N,None,0,0,0,0,0,,,,,419,,,,,,,,,,,,00:08:40
_6DW0I8KBL,22-0002469,0,TRUE,4600,1,1,635,,Hinesburg,RD,,South Burlington,5403,510,"Person in distress, Other",5,81,Incident command,7/21/2022 0:26,7/21/2022 0:35,,7/21/2022 0:43,8.85,16.8,2022,7,Thursday,0,1,0,0,1,0,0,0,3,0,0,1,3,N,None,0,0,0,0,0,,,,,429,,,,,,,,,,,,00:08:51
_6DW0H1T42,22-0002468,0,TRUE,4600,2,1,595,,Shelburne,RD,,South Burlington,5403,321,"EMS call, excluding vehicle accident with injury",3,81,Incident command,7/20/2022 22:30,7/20/2022 22:35,,7/20/2022 23:07,5.65,37,2022,7,Wednesday,22,1,0,0,1,0,0,0,2,0,0,1,2,3,Mutual aid given,0,0,0,0,0,,,,,,,,,,,,,,,,,00:05:39
_6DV160MNH,22-0002467,0,TRUE,4600,2,2,1720,,Shelburne,RD,,South Burlington,5403,321,"EMS call, excluding vehicle accident with injury",3,81,Incident command,7/20/2022 19:15,7/20/2022 19:18,,7/20/2022 19:27,3,12,2022,7,Wednesday,19,1,0,0,1,0,0,0,3,0,0,1,3,N,None,0,0,0,0,0,,,,,449,,,,,,,,,,,,00:03:00
_6DV17VJSL,22-0002466,0,TRUE,4600,1,1,124,,Quarry Hill,RD,,South Burlington,5403,321,"EMS call, excluding vehicle accident with injury",3,81,Incident command,7/20/2022 19:03,7/20/2022 19:09,,7/20/2022 19:21,6.3167,18.7833,2022,7,Wednesday,19,1,0,0,2,0,0,0,5,0,0,2,5,N,None,0,0,0,0,0,,,,,429,,,,,,,,,,,,00:06:19
_6DV169XG4,22-0002465,0,TRUE,4600,2,2,570,,Shelburne,RD,,South Burlington,5403,321,"EMS call, excluding vehicle accident with injury",3,32,Provide basic life suppor,7/20/2022 19:01,7/20/2022 19:07,,7/20/2022 19:13,6,12,2022,7,Wednesday,19,1,0,0,1,0,0,0,3,0,0,1,3,16,Other Aid Received,0,0,0,0,0,,,,,965,,,,,,,,,,,,00:06:00
_6DV10B1UY,22-0002464,0,TRUE,4600,1,1,310,,Market,ST,,South Burlington,5403,500,"Service Call, other",5,0,"Action taken, Other",7/20/2022 15:57,7/20/2022 15:57,,7/20/2022 15:57,0.85,0.8667,2022,7,Wednesday,15,1,0,0,0,1,0,0,0,3,0,1,3,N,None,0,0,0,0,0,,,,,429,,,,,,,,,,,,00:00:51
_6DV0Z7JDK,22-0002463,0,TRUE,4600,1,2,41,,Hinesburg,RD,,South Burlington,5403,321,"EMS call, excluding vehicle accident with injury",3,32,Provide basic life suppor,7/20/2022 15:15,7/20/2022 15:17,,7/20/2022 15:24,2,9,2022,7,Wednesday,15,1,0,0,1,0,0,0,3,0,0,1,3,16,Other Aid Received,0,0,0,0,0,,,,,900,,,,,,,,,,,,00:02:00
_6DV0YVUAC,22-0002462,0,TRUE,4600,1,2,80,,Midas,DR,,South Burlington,5403,321,"EMS call, excluding vehicle accident with injury",3,32,Provide basic life suppor,7/20/2022 15:01,7/20/2022 15:07,,7/20/2022 15:15,6,14,2022,7,Wednesday,15,1,0,0,1,0,0,0,3,0,0,1,3,16,Other Aid Received,0,0,0,0,0,,,,,965,,,,,,,,,,,,00:06:00
_6DV10SUQN,22-0002461,0,TRUE,4600,1,1,1076,,Williston,RD,,South Burlington,5403,321,"EMS call, excluding vehicle accident with injury",3,81,Incident command,7/20/2022 14:54,7/20/2022 14:57,,7/20/2022 16:12,3.4167,78.9667,2022,7,Wednesday,14,1,0,0,2,0,0,0,5,0,0,2,5,N,None,0,0,0,0,0,,,,,161,,,,,,,,,,,,00:03:25
_6DV0ZQ6P7,22-0002460,0,TRUE,4600,1,1,465,,Quarry Hill,RD,,South Burlington,5403,321,"EMS call, excluding vehicle accident with injury",3,81,Incident command,7/20/2022 14:29,7/20/2022 14:39,,7/20/2022 14:54,10.7833,25.8167,2022,7,Wednesday,14,1,0,0,1,0,0,0,3,0,0,1,3,1,Mutual aid received,0,0,0,0,0,,,,,429,,,,,,,,,,,,00:10:47
_6DV0YD3Z3,22-0002459,0,TRUE,4600,2,2,935,,Shelburne,RD,,South Burlington,5403,321,"EMS call, excluding vehicle accident with injury",3,32,Provide basic life suppor,7/20/2022 13:59,7/20/2022 14:02,,7/20/2022 14:24,3,25,2022,7,Wednesday,13,1,0,0,2,0,0,0,5,0,0,2,5,N,None,0,0,0,0,0,,,,,1,,,,,,,,,,,,00:03:00
_6DV0Z39I2,22-0002458,0,TRUE,4600,1,1,368,,Dorset,ST,,South Burlington,5403,600,"Good intent call, Other",6,81,Incident command,7/20/2022 11:42,7/20/2022 11:45,,7/20/2022 12:16,3.3667,34.7,2022,7,Wednesday,11,1,0,0,1,0,0,0,3,0,0,1,3,16,Other Aid Received,0,0,0,0,0,,,,,342,,,,,,,,,,,,00:03:22
_6DV0RVVQX,22-0002457,0,TRUE,4600,2,2,90,,Allen,RD,,South Burlington,5403,321,"EMS call, excluding vehicle accident with injury",3,32,Provide basic life suppor,7/20/2022 11:19,7/20/2022 11:22,,7/20/2022 11:44,3,25,2022,7,Wednesday,11,1,0,0,1,0,0,0,3,0,0,1,3,N,None,0,0,0,0,0,,,,,459,,,,,,,,,,,,00:03:00
_6DV0YLTHY,22-0002456,0,TRUE,4600,1,1,,,Timber,LANE,,South Burlington,5403,600,"Good intent call, Other",6,81,Incident command,7/20/2022 9:59,7/20/2022 10:05,,7/20/2022 10:21,6.4,22.8667,2022,7,Wednesday,9,1,0,0,2,0,0,0,5,0,0,2,5,16,Other Aid Received,0,0,0,0,0,,,,,960,,,,,,,,,,,,00:06:24
_6DV0KGN4U,22-0002455,0,TRUE,4600,1,3,60,,Timberlane,RD,,South Burlington,5403,622,No Incident found on arrival at dispatch address,6,81,Incident command,7/20/2022 8:41,7/20/2022 8:46,,7/20/2022 8:49,5.6667,8.3333,2022,7,Wednesday,8,1,0,0,2,0,0,0,5,0,0,2,5,N,None,0,0,0,0,0,,,,,599,,,,,,,,,,,,00:05:40
_6DW0XZ17J,22-0002454,0,TRUE,4600,2,2,1855,,Shelburne,RD,,South Burlington,5403,321,"EMS call, excluding vehicle accident with injury",3,32,Provide basic life suppor,7/20/2022 6:22,7/20/2022 6:28,,7/20/2022 6:38,6.3333,16.6333,2022,7,Wednesday,6,3,0,0,2,0,0,0,5,0,0,2,5,N,None,0,0,0,0,0,,,,,519,,,,,,,,,,,,00:06:20
_6DW0LQFQA,22-0002453,0,TRUE,4600,2,2,345,,Farrell,ST,,South Burlington,5403,321,"EMS call, excluding vehicle accident with injury",3,32,Provide basic life suppor,7/19/2022 23:46,7/19/2022 23:53,,7/20/2022 0:07,6.6,21.0667,2022,7,Tuesday,23,3,0,0,1,0,0,0,3,0,0,1,3,16,Other Aid Received,0,0,0,0,0,,,,,429,,,,,,,,,,,,00:06:36
_6DV0082WE,22-0002452,0,TRUE,4600,1,1,133,,Four Sisters,RD,,South Burlington,5403,700,"False alarm or false call, Other",7,81,Incident command,7/19/2022 23:40,7/19/2022 23:47,,7/19/2022 23:53,7,13,2022,7,Tuesday,23,3,0,0,0,0,2,0,0,0,5,2,5,N,None,0,0,0,0,0,,,,,419,,,,,,,,,,,,00:07:00
_6DV0GJP9C,22-0002451,0,TRUE,4600,1,1,635,,Hinesburg,RD,,South Burlington,5403,321,"EMS call, excluding vehicle accident with injury",3,32,Provide basic life suppor,7/19/2022 21:19,7/19/2022 21:24,,7/19/2022 21:36,4.4833,16.9,2022,7,Tuesday,21,3,3,0,2,0,0,0,5,0,0,2,5,N,None,0,0,0,0,0,,,,,429,,,,,,,,,,,,00:04:29
_6DU1AO81R,22-0002450,0,TRUE,4600,1,1,168,,Hayes,AVE,,South Burlington,5403,510,"Person in distress, Other",5,32,Provide basic life suppor,7/19/2022 21:10,7/19/2022 21:15,,7/19/2022 21:38,5,28,2022,7,Tuesday,21,3,0,0,0,0,1,0,0,0,3,1,3,N,None,0,0,0,0,0,,,,,963,,,,,,,,,,,,00:05:00
_6DV0G2PYA,22-0002449,0,TRUE,4600,2,2,733,,Queen City Park,RD,,South Burlington,5403,321,"EMS call, excluding vehicle accident with injury",3,32,Provide basic life suppor,7/19/2022 20:08,7/19/2022 20:10,,7/19/2022 20:21,1.8333,12.8833,2022,7,Tuesday,20,3,0,0,2,0,0,0,5,0,0,2,5,N,None,0,0,0,0,0,,,,,162,,,,,,,,,,,,00:01:50
_6DU1572ED,22-0002448,0,TRUE,4600,2,2,977,,Shelburne,RD,,South Burlington,5403,463,"Vehicle accident, general cleanup",4,81,Incident command,7/19/2022 17:33,7/19/2022 17:33,,7/19/2022 17:37,0.0167,3.0833,2022,7,Tuesday,17,3,0,0,0,0,1,0,0,0,3,1,3,N,None,0,0,0,0,0,,,,,571,,,,,,,,,,,,00:00:01
_6DU121FJK,22-0002447,0,TRUE,4600,1,1,106,,Dorset,ST,,South Burlington,5403,552,Police matter,5,32,Provide basic life suppor,7/19/2022 17:22,7/19/2022 17:25,,7/19/2022 17:34,3,12,2022,7,Tuesday,17,3,0,0,3,0,0,0,8,0,0,3,8,N,None,0,0,0,0,0,,,,,963,,,,,,,,,,,,00:03:00
_6DU144KXM,22-0002446,0,TRUE,4600,1,2,106,,South Beach,RD,,South Burlington,5403,321,"EMS call, excluding vehicle accident with injury",3,33,Provide advanced life sup,7/19/2022 16:34,7/19/2022 16:39,,7/19/2022 16:57,5.3,23.75,2022,7,Tuesday,16,3,0,0,2,0,0,0,5,0,0,2,5,N,None,0,0,0,0,0,,,,,429,,,,,,,,,,,,00:05:18
_6DU0WBTW8,22-0002445,0,TRUE,4600,2,2,20,,Harborview,RD,,South Burlington,5403,600,"Good intent call, Other",6,81,Incident command,7/19/2022 14:32,7/19/2022 14:38,,7/19/2022 14:44,5.7667,11.9167,2022,7,Tuesday,14,3,0,0,0,0,2,0,0,0,5,2,5,N,None,0,0,0,0,0,,,,,311,,,,,,,,,,,,00:05:46
_6DU0X247G,22-0002444,0,TRUE,4600,2,2,5,,Holmes,RD,,South Burlington,5403,743,"Smoke detector activation, no fire - unintentional",7,81,Incident command,7/19/2022 14:01,7/19/2022 14:01,,7/19/2022 14:06,0.0333,4.5167,2022,7,Tuesday,14,3,0,0,0,0,3,0,0,0,8,3,8,N,None,0,0,0,0,0,,,,,891,,,,,,,,,,,,00:00:02
_6DU0VRM56,22-0002443,0,TRUE,4600,1,1,245,,Hinesburg,RD,,South Burlington,5403,324,Motor Vehicle Accident with no injuries,3,30,Emergency medical service,7/19/2022 13:38,7/19/2022 13:43,,7/19/2022 13:50,5,12,2022,7,Tuesday,13,3,0,0,1,0,0,0,3,0,0,1,3,N,None,0,0,0,0,0,,,,,962,,,,,,,,,,,,00:05:00
_6DU0VGXY7,22-0002442,0,TRUE,4600,1,1,106,,Spear St,,,South Burlington,5403,321,"EMS call, excluding vehicle accident with injury",3,32,Provide basic life suppor,7/19/2022 13:06,7/19/2022 13:13,,7/19/2022 13:30,7,24,2022,7,Tuesday,13,3,0,0,1,0,0,0,3,0,0,1,3,16,Other Aid Received,0,0,0,0,0,,,,,419,,,,,,,,,,,,00:07:00
_6DU0XDJNB,22-0002441,0,TRUE,4600,2,2,1016,,Shelburne,RD,,South Burlington,5403,321,"EMS call, excluding vehicle accident with injury",3,32,Provide basic life suppor,7/19/2022 13:05,7/19/2022 13:08,,7/19/2022 13:21,3.1333,16.1667,2022,7,Tuesday,13,3,0,0,2,0,0,0,5,0,0,2,5,N,None,0,0,0,0,0,,,,,449,,,,,,,,,,,,00:03:08
_6DU0R3JYW,22-0002440,0,TRUE,4600,2,2,345,,Farrell,ST,,South Burlington,5403,321,"EMS call, excluding vehicle accident with injury",3,32,Provide basic life suppor,7/19/2022 11:40,7/19/2022 11:44,,7/19/2022 12:17,4,37,2022,7,Tuesday,11,3,0,0,2,0,0,0,5,0,0,2,5,N,None,0,0,0,0,0,,,,,429,,,,,,,,,,,,00:04:00
_6DU0R7FQF,22-0002439,0,TRUE,4600,1,1,310,,Market,ST,,South Burlington,5403,700,"False alarm or false call, Other",7,92,Standby,7/19/2022 11:17,7/19/2022 11:18,,7/19/2022 11:18,1,1,2022,7,Tuesday,11,3,0,0,0,0,1,0,0,0,1,1,1,N,None,0,0,0,0,0,,,,,429,,,,,,,,,,,,00:01:00
_6DU0QSKDU,22-0002438,0,TRUE,4600,1,1,21,,S. Henry Court,ST,,South Burlington,5403,321,"EMS call, excluding vehicle accident with injury",3,31,Provide first aid & check,7/19/2022 10:44,7/19/2022 10:47,,7/19/2022 10:49,3.0833,5.7167,2022,7,Tuesday,10,3,0,0,1,0,0,0,3,0,0,1,3,1,Mutual aid received,0,0,0,0,0,,,,,419,,,,,,,,,,,,00:03:05
_6DU0RCE2C,22-0002437,0,TRUE,4600,2,1,90,,Allen,RD,,South Burlington,5403,321,"EMS call, excluding vehicle accident with injury",3,32,Provide basic life suppor,7/19/2022 10:43,7/19/2022 10:49,,7/19/2022 11:03,6,20,2022,7,Tuesday,10,3,0,0,2,0,0,0,5,0,0,2,5,N,None,0,0,0,0,0,,,,,459,,,,,,,,,,,,00:06:00
_6DU0QY1Q1,22-0002436,0,TRUE,4600,1,1,19,,Elizabeth,ST,,South Burlington,5403,321,"EMS call, excluding vehicle accident with injury",3,32,Provide basic life suppor,7/19/2022 9:49,7/19/2022 9:54,,7/19/2022 10:00,5,11,2022,7,Tuesday,9,3,0,0,2,0,0,0,5,0,0,2,5,N,None,0,0,0,0,0,,,,,419,,,,,,,,,,,,00:05:00
_6DU0QHQBH,22-0002435,0,TRUE,4600,1,1,32,,Larch,RD,,South Burlington,5403,321,"EMS call, excluding vehicle accident with injury",3,32,Provide basic life suppor,7/19/2022 9:25,7/19/2022 9:31,,7/19/2022 9:50,6,25,2022,7,Tuesday,9,3,0,0,1,0,0,0,3,0,0,1,3,16,Other Aid Received,0,0,0,0,0,,,,,429,,,,,,,,,,,,00:06:00
_6DU0WQ9U0,22-0002434,0,TRUE,4600,2,1,52,,Pinnacle,DR,,South Burlington,5403,321,"EMS call, excluding vehicle accident with injury",3,34,Transport person,7/19/2022 9:10,7/19/2022 9:16,,7/19/2022 9:22,6.5833,12.3,2022,7,Tuesday,9,3,0,0,1,0,0,0,2,0,0,1,2,N,None,0,0,0,0,0,,,,,419,,,,,,,,,,,,00:06:35
_6DU0B5BUM,22-0002433,0,TRUE,4600,1,1,1117,,Williston,RD,,South Burlington,5403,321,"EMS call, excluding vehicle accident with injury",3,33,Provide advanced life sup,7/19/2022 4:23,7/19/2022 4:28,,7/19/2022 4:47,5,24,2022,7,Tuesday,4,2,0,0,2,0,0,0,5,0,0,2,5,N,None,0,0,0,0,0,,,,,449,,,,,,,,,,,,00:05:00
_6DU0GE781,22-0002432,0,TRUE,4600,2,3,412,,Farrell,ST,,South Burlington,5403,321,"EMS call, excluding vehicle accident with injury",3,81,Incident command,7/18/2022 22:35,7/18/2022 22:43,,7/18/2022 23:11,8.7333,36.6,2022,7,Monday,22,2,0,0,2,0,0,0,5,0,0,2,5,N,None,0,0,0,0,0,,,,,429,,,,,,,,,,,,00:08:44
_6DT1C028T,22-0002431,0,TRUE,4600,1,1,53,,Kirby,RD,,South Burlington,5403,322,Motor vehicle accident with injuries,3,33,Provide advanced life sup,7/18/2022 21:20,7/18/2022 21:26,,7/18/2022 21:41,6,21,2022,7,Monday,21,2,0,1,0,0,0,3,0,0,0,1,3,16,Other Aid Received,0,0,0,0,0,,,,,962,,,,,,,,,,,,00:06:00
_6DT1BFSKZ,22-0002430,0,TRUE,4600,1,1,7,,Aspen,DR,,South Burlington,5403,321,"EMS call, excluding vehicle accident with injury",3,33,Provide advanced life sup,7/18/2022 20:41,7/18/2022 20:44,,7/18/2022 20:59,3,18,2022,7,Monday,20,2,0,0,2,0,0,0,5,0,0,2,5,N,None,0,0,0,0,0,,,,,429,,,,,,,,,,,,00:03:00
_6DT1B8PYH,22-0002429,0,TRUE,4600,1,1,28,,Kinsington,ST,,South Burlington,5403,321,"EMS call, excluding vehicle accident with injury",3,33,Provide advanced life sup,7/18/2022 20:05,7/18/2022 20:11,,7/18/2022 20:31,6,26,2022,7,Monday,20,2,0,0,2,0,0,0,5,0,0,2,5,N,None,0,0,0,0,0,,,,,429,,,,,,,,,,,,00:06:00
_6DT14D77J,22-0002428,0,TRUE,4600,2,2,106,,South Beach,RD,,South Burlington,5403,321,"EMS call, excluding vehicle accident with injury",3,81,Incident command,7/18/2022 16:37,7/18/2022 16:40,,7/18/2022 17:01,3.9333,24.65,2022,7,Monday,16,2,0,0,2,0,0,0,5,0,0,2,5,N,None,0,0,0,0,0,,,,,419,,,,,,,,,,,,00:03:56
_6DT0Q1H9Z,22-0002427,0,TRUE,4600,2,2,90,,Allen,RD,,South Burlington,5403,321,"EMS call, excluding vehicle accident with injury",3,81,Incident command,7/18/2022 9:06,7/18/2022 9:11,,7/18/2022 9:33,5.15,27.1333,2022,7,Monday,9,2,0,0,2,0,0,0,5,0,0,2,5,N,None,0,0,0,0,0,,,,,459,,,,,,,,,,,,00:05:09
_6DT0FPD1Z,22-0002425,0,TRUE,4600,1,1,146,,Market,ST,,South Burlington,5403,321,"EMS call, excluding vehicle accident with injury",3,81,Incident command,7/18/2022 1:34,7/18/2022 1:41,,7/18/2022 1:47,7.6167,13.1667,2022,7,Monday,1,1,0,0,2,0,0,0,5,0,0,2,5,16,Other Aid Received,0,0,0,0,0,,,,,4001,,,,,,,,,,,,00:07:37
_6DT0KQYEV,22-0002424,0,TRUE,4600,2,2,1200,,Shelburne,RD,,South Burlington,5403,740,"Unintentional transmission of alarm, Other",7,81,Incident command,7/18/2022 0:13,7/18/2022 0:17,,7/18/2022 0:20,4,7,2022,7,Monday,0,1,0,0,2,0,0,0,5,0,0,2,5,N,None,0,0,0,0,0,,,,,439,,,,,,,,,,,,00:04:00
_6DT0F0R7J,22-0002423,0,TRUE,4600,1,1,1214,,Williston,RD,,South Burlington,5403,321,"EMS call, excluding vehicle accident with injury",3,81,Incident command,7/17/2022 22:02,7/17/2022 22:08,,7/17/2022 22:26,6.3667,24.1333,2022,7,Sunday,22,1,0,0,1,0,0,0,3,0,0,1,3,1,Mutual aid received,0,0,0,0,0,,,,,181,,,,,,,,,,,,00:06:22
_6DT0KIIQC,22-0002422,0,TRUE,4600,2,2,370,,Farrell,ST,,South Burlington,5403,321,"EMS call, excluding vehicle accident with injury",3,33,Provide advanced life sup,7/17/2022 21:22,7/17/2022 21:29,,7/17/2022 21:44,7,22,2022,7,Sunday,21,1,0,0,2,0,0,0,5,0,0,2,5,N,None,0,0,0,0,0,,,,,429,,,,,,,,,,,,00:07:00
_6DS148N8U,22-0002421,0,TRUE,4600,1,2,1530,,Williston,RD,,South Burlington,5403,321,"EMS call, excluding vehicle accident with injury",3,81,Incident command,7/17/2022 16:00,7/17/2022 16:10,,7/17/2022 16:13,10,13,2022,7,Sunday,16,1,0,0,1,0,0,0,3,0,0,1,3,16,Other Aid Received,0,0,0,0,0,,,,,311,,,,,,,,,,,,00:10:00
_6DS113CD6,22-0002420,0,TRUE,4600,1,1,465,,Quarry Hill,RD,,South Burlington,5403,321,"EMS call, excluding vehicle accident with injury",3,81,Incident command,7/17/2022 15:51,7/17/2022 15:58,,7/17/2022 16:17,7.9833,26.55,2022,7,Sunday,15,1,0,0,2,0,0,0,5,0,0,2,5,N,None,0,0,0,0,0,,,,,429,,,,,,,,,,,,00:07:59
_6DS100B5N,22-0002419,0,TRUE,4600,1,1,1530,,Williston,RD,,South Burlington,5403,512,Ring or jewelry removal,5,81,Incident command,7/17/2022 15:13,7/17/2022 15:19,,7/17/2022 15:31,6.6833,18.65,2022,7,Sunday,15,1,0,0,0,2,0,0,0,5,0,2,5,N,None,0,0,0,0,0,,,,,311,,,,,,,,,,,,00:06:41
_6DS0ZJHE7,22-0002418,0,TRUE,4600,1,1,5,,Aspen,DR,,South Burlington,5403,321,"EMS call, excluding vehicle accident with injury",3,81,Incident command,7/17/2022 14:00,7/17/2022 14:03,,7/17/2022 14:15,3.8667,15,2022,7,Sunday,14,1,0,0,2,0,0,0,5,0,0,2,5,N,None,0,0,0,0,0,,,,,400,,,,,,,,,,,,00:03:52
_6DS0Q1IW3,22-0002417,0,TRUE,4600,1,1,82,,Anderson,PKY,,South Burlington,5403,500,"Service Call, other",5,81,Incident command,7/17/2022 11:04,7/17/2022 11:12,,7/17/2022 11:22,8.9,18.9667,2022,7,Sunday,11,1,0,2,0,0,0,6,0,0,0,2,6,N,None,0,0,0,0,0,,,,,459,,,,,,,,,,,,00:08:54
_6DS0PRF52,22-0002416,0,TRUE,4600,1,1,465,,Quarry Hill,RD,,South Burlington,5403,321,"EMS call, excluding vehicle accident with injury",3,81,Incident command,7/17/2022 8:03,7/17/2022 8:10,,7/17/2022 8:21,7.35,18.75,2022,7,Sunday,8,1,0,0,2,0,0,0,5,0,0,2,5,N,None,0,0,0,0,0,,,,,429,,,,,,,,,,,,00:07:21
_6DS0CM09Z,22-0002415,0,TRUE,4600,1,2,76,,Black Lantern,LANE,,South Burlington,5403,622,No Incident found on arrival at dispatch address,6,81,Incident command,7/17/2022 5:05,7/17/2022 5:10,,7/17/2022 5:20,5.0667,14.6667,2022,7,Sunday,5,3,0,0,0,0,1,0,0,0,3,1,3,16,Other Aid Received,0,0,0,0,0,,,,,419,,,,,,,,,,,,00:05:04
_6DS0CE0L9,22-0002414,0,TRUE,4600,1,2,409,,Farrell,ST,,South Burlington,5403,321,"EMS call, excluding vehicle accident with injury",3,33,Provide advanced life sup,7/17/2022 4:29,7/17/2022 4:38,,7/17/2022 4:54,8.25,24.2167,2022,7,Sunday,4,3,0,0,2,0,0,0,5,0,0,2,5,N,None,0,0,0,0,0,,,,,429,,,,,,,,,,,,00:08:15
_6DR1DFECE,22-0002413,0,TRUE,4600,1,1,327,,Cobblestone Circle,CIR,,South Burlington,5403,561,Unauthorized burning,5,86,Investigate,7/16/2022 22:29,7/16/2022 22:38,,7/16/2022 22:54,9,25,2022,7,Saturday,22,3,0,1,0,0,0,3,0,0,0,1,3,N,None,0,0,0,0,0,,,,,419,,,,,,,,,,,,00:09:00
_6DS0C9UH9,22-0002412,0,TRUE,4600,2,2,90,,Allen,RD,,South Burlington,5403,321,"EMS call, excluding vehicle accident with injury",3,34,Transport person,7/16/2022 20:37,7/16/2022 20:46,,7/16/2022 21:25,9.9167,48.4667,2022,7,Saturday,20,3,0,0,1,0,0,0,2,0,0,1,2,N,None,0,0,0,0,0,,,,,459,,,,,,,,,,,,00:09:55
_6DR12KYJ8,22-0002411,0,TRUE,4600,1,1,465,,Quarry Hill,RD,,South Burlington,5403,321,"EMS call, excluding vehicle accident with injury",3,32,Provide basic life suppor,7/16/2022 17:19,7/16/2022 17:24,,7/16/2022 17:39,5,20,2022,7,Saturday,17,3,0,0,2,0,0,0,5,0,0,2,5,N,None,0,0,0,0,0,,,,,311,,,,,,,,,,,,00:05:00
_6DR12BCZV,22-0002410,0,TRUE,4600,1,1,5,,Aspen,DR,,South Burlington,5403,321,"EMS call, excluding vehicle accident with injury",3,32,Provide basic life suppor,7/16/2022 16:51,7/16/2022 16:53,,7/16/2022 17:19,2,28,2022,7,Saturday,16,3,0,0,1,0,0,0,3,0,0,1,3,1,Mutual aid received,0,0,0,0,0,,,,,400,,,,,,,,,,,,00:02:00
_6DS0C0ZR7,22-0002409,0,TRUE,4600,2,2,90,,Allen,RD,,South Burlington,5403,321,"EMS call, excluding vehicle accident with injury",3,33,Provide advanced life sup,7/16/2022 16:16,7/16/2022 16:21,,7/16/2022 16:40,5.1667,24.0333,2022,7,Saturday,16,3,0,0,2,0,0,0,5,0,0,2,5,N,None,0,0,0,0,0,,,,,459,,,,,,,,,,,,00:05:10
_6DR0ZMM3L,22-0002408,0,TRUE,4600,1,1,79,,Patchen,RD,,South Burlington,5403,600,"Good intent call, Other",6,32,Provide basic life suppor,7/16/2022 15:58,7/16/2022 16:03,,7/16/2022 16:17,5,19,2022,7,Saturday,15,3,0,0,0,0,2,0,0,0,5,2,5,N,None,0,0,0,0,0,,,,,962,,,,,,,,,,,,00:05:00
_6DR0UYFHF,22-0002407,0,TRUE,4600,1,1,125,,Kennedy,DR,,South Burlington,5403,321,"EMS call, excluding vehicle accident with injury",3,32,Provide basic life suppor,7/16/2022 13:56,7/16/2022 13:59,,7/16/2022 14:06,3,10,2022,7,Saturday,13,3,0,0,2,0,0,0,5,0,0,2,5,N,None,0,0,0,0,0,,,,,963,,,,,,,,,,,,00:03:00
_6DR0TD81W,22-0002406,0,TRUE,4600,1,1,1,,Timber,LANE,,South Burlington,5403,622,No Incident found on arrival at dispatch address,6,86,Investigate,7/16/2022 13:22,7/16/2022 13:24,,7/16/2022 13:32,2,10,2022,7,Saturday,13,3,0,0,0,0,1,0,0,0,3,1,3,N,None,0,0,0,0,0,,,,,963,,,,,,,,,,,,00:02:00
_6DR0SHTMF,22-0002405,0,TRUE,4600,2,1,16,,Harborview,RD,,South Burlington,5403,321,"EMS call, excluding vehicle accident with injury",3,32,Provide basic life suppor,7/16/2022 11:32,7/16/2022 11:45,,7/16/2022 12:03,13,31,2022,7,Saturday,11,3,0,0,2,0,0,0,5,0,0,2,5,N,None,0,0,0,0,0,,,,,429,,,,,,,,,,,,00:13:00
_6DR0WFYVW,22-0002404,0,TRUE,4600,1,2,54,,Westview,DR,,South Burlington,5403,552,Police matter,5,81,Incident command,7/16/2022 9:58,7/16/2022 10:09,,7/16/2022 10:34,10.9667,36.4833,2022,7,Saturday,9,3,0,0,0,0,2,0,0,0,5,2,5,N,None,0,0,0,0,0,,,,,419,,,,,,,,,,,,00:10:58
_6DR0WMOW3,22-0002403,0,TRUE,4600,2,2,580,,Shelburne,RD,,South Burlington,5403,321,"EMS call, excluding vehicle accident with injury",3,31,Provide first aid & check,7/16/2022 8:41,7/16/2022 8:43,,7/16/2022 8:57,2.0333,16.2333,2022,7,Saturday,8,3,0,0,2,0,0,0,5,0,0,2,5,N,None,0,0,0,0,0,,,,,500,,,,,,,,,,,,00:02:02
_6DR0S9O0N,22-0002402,0,TRUE,4600,1,1,319,,White,ST,,South Burlington,5403,321,"EMS call, excluding vehicle accident with injury",3,32,Provide basic life suppor,7/16/2022 8:41,7/16/2022 8:47,,7/16/2022 9:03,6,22,2022,7,Saturday,8,3,0,0,1,0,0,0,3,0,0,1,3,16,Other Aid Received,0,0,0,0,0,,,,,419,,,,,,,,,,,,00:06:00
_6DQ1D600A,22-0002401,0,TRUE,4600,1,1,1118,,Williston,RD,,South Burlington,5403,321,"EMS call, excluding vehicle accident with injury",3,33,Provide advanced life sup,7/15/2022 22:35,7/15/2022 22:39,,7/15/2022 22:47,4,12,2022,7,Friday,22,2,0,0,2,0,0,0,5,0,0,2,5,N,None,0,0,0,0,0,,,,,511,,,,,,,,,,,,00:04:00
_6DQ1BOLAQ,22-0002400,0,TRUE,4600,1,1,1214,,Williston,RD,,South Burlington,5403,321,"EMS call, excluding vehicle accident with injury",3,33,Provide advanced life sup,7/15/2022 21:36,7/15/2022 21:42,,7/15/2022 21:53,6,17,2022,7,Friday,21,2,0,0,2,0,0,0,5,0,0,2,5,N,None,0,0,0,0,0,,,,,181,,,,,,,,,,,,00:06:00
_6DR0HC6SV,22-0002399,0,TRUE,4600,1,2,55,,Hinesburg,RD,,South Burlington,5403,321,"EMS call, excluding vehicle accident with injury",3,81,Incident command,7/15/2022 20:22,7/15/2022 20:24,,7/15/2022 20:40,2,18,2022,7,Friday,20,2,0,0,2,0,0,0,5,0,0,2,5,N,None,0,0,0,0,0,,,,,419,,,,,,,,,,,,00:02:00
_6DR0GUJCB,22-0002398,0,TRUE,4600,1,2,635,,Hinesburg,RD,,South Burlington,5403,321,"EMS call, excluding vehicle accident with injury",3,81,Incident command,7/15/2022 20:04,7/15/2022 20:12,,7/15/2022 20:24,8,20,2022,7,Friday,20,2,0,0,1,0,0,0,3,0,0,1,3,1,Mutual aid received,0,0,0,0,0,,,,,429,,,,,,,,,,,,00:08:00
_6DQ1A1KGV,22-0002397,0,TRUE,4600,1,1,43,,Davis,PKY,,South Burlington,5403,700,"False alarm or false call, Other",7,81,Incident command,7/15/2022 19:59,7/15/2022 20:05,,7/15/2022 20:11,6,12,2022,7,Friday,19,2,0,0,2,0,0,0,5,0,0,2,5,N,None,0,0,0,0,0,,,,,419,,,,,,,,,,,,00:06:00
_6DR0FU554,22-0002396,0,TRUE,4600,2,2,8,,Wealthy,AVE,,South Burlington,5403,321,"EMS call, excluding vehicle accident with injury",3,32,Provide basic life suppor,7/15/2022 17:49,7/15/2022 17:52,,7/15/2022 18:09,3,20,2022,7,Friday,17,2,0,0,3,0,0,0,8,0,0,3,8,N,None,0,0,0,0,0,,,,,419,,,,,,,,,,,,00:03:00
_6DQ1A2V49,22-0002395,0,TRUE,4600,2,2,977,,Shelburne,RD,,South Burlington,5403,321,"EMS call, excluding vehicle accident with injury",3,32,Provide basic life suppor,7/15/2022 16:54,7/15/2022 16:59,,7/15/2022 17:15,5,21,2022,7,Friday,16,2,0,0,2,0,0,0,5,0,0,2,5,N,None,0,0,0,0,0,,,,,571,,,,,,,,,,,,00:05:00
_6DQ19TYA1,22-0002394,0,TRUE,4600,1,1,340,,Dorset Heights,,,South Burlington,5403,321,"EMS call, excluding vehicle accident with injury",3,33,Provide advanced life sup,7/15/2022 13:41,7/15/2022 13:48,,7/15/2022 14:03,7,22,2022,7,Friday,13,2,0,0,3,0,0,0,9,0,0,3,9,N,None,0,0,0,0,0,,,,,960,,,,,,,,,,,,00:07:00
_6DQ0Y14QX,22-0002393,0,TRUE,4600,2,2,90,,Allen,RD,,South Burlington,5403,321,"EMS call, excluding vehicle accident with injury",3,32,Provide basic life suppor,7/15/2022 12:10,7/15/2022 12:20,,7/15/2022 12:31,10,21,2022,7,Friday,12,2,0,0,2,0,0,0,5,0,0,2,5,N,None,0,0,0,0,0,,,,,459,,,,,,,,,,,,00:10:00
_6DQ19NAQP,22-0002392,0,TRUE,4600,1,1,155,,Dorset,ST,,South Burlington,5403,321,"EMS call, excluding vehicle accident with injury",3,33,Provide advanced life sup,7/15/2022 11:52,7/15/2022 11:55,,7/15/2022 12:12,3,20,2022,7,Friday,11,2,0,0,2,0,0,0,6,0,0,2,6,N,None,0,0,0,0,0,,,,,161,,,,,,,,,,,,00:03:00
_6DQ19JTIA,22-0002391,0,TRUE,4600,1,1,228,,Aviation,AVE,,South Burlington,5403,555,"Defective elevator, no occupants",5,0,"Action taken, Other",7/15/2022 11:50,7/15/2022 11:54,,7/15/2022 11:54,4,4,2022,7,Friday,11,2,0,0,0,0,1,0,0,0,1,1,1,N,None,0,0,0,0,0,,,,,900,,,,,,,,,,,,00:04:00
_6DQ0XPOYZ,22-0002390,0,TRUE,4600,1,2,152,,Highland,TER,,South Burlington,5403,321,"EMS call, excluding vehicle accident with injury",3,32,Provide basic life suppor,7/15/2022 10:00,7/15/2022 10:09,,7/15/2022 10:19,9,19,2022,7,Friday,10,2,0,0,2,0,0,0,5,0,0,2,5,N,None,0,0,0,0,0,,,,,419,,,,,,,,,,,,00:09:00
_6DQ0WZFK7,22-0002389,0,TRUE,4600,2,2,7,,Farrell,ST,,South Burlington,5403,321,"EMS call, excluding vehicle accident with injury",3,32,Provide basic life suppor,7/15/2022 9:11,7/15/2022 9:16,,7/15/2022 9:34,5,23,2022,7,Friday,9,2,0,0,1,0,0,0,3,0,0,1,3,1,Mutual aid received,0,0,0,0,0,,,,,361,,,,,,,,,,,,00:05:00
_6DQ19BZIS,22-0002388,0,TRUE,4600,2,1,35,,Joy,DR,,South Burlington,5403,321,"EMS call, excluding vehicle accident with injury",3,33,Provide advanced life sup,7/15/2022 8:59,7/15/2022 9:07,,7/15/2022 9:16,8,17,2022,7,Friday,8,2,0,0,2,0,0,0,6,0,0,2,6,N,None,0,0,0,0,0,,,,,340,,,,,,,,,,,,00:08:00
_6DQ0OV48X,22-0002387,0,TRUE,4600,OUT,2,26,,Hedgerow,DR,,Shelburne,5482,160,"Special outside fire, Other",1,10,Fire control or extinguis,7/15/2022 8:43,7/15/2022 8:50,,7/15/2022 9:11,7,28,2022,7,Friday,8,2,1,1,0,0,0,3,0,0,0,1,3,4,Automatic aid given,1000,0,0,0,0,,,,,,,,,,,,,,,,,00:07:00
_6DQ0G4OV6,22-0002386,0,TRUE,4600,1,1,465,,Quarry Hill,RD,,South Burlington,5403,321,"EMS call, excluding vehicle accident with injury",3,33,Provide advanced life sup,7/15/2022 6:46,7/15/2022 6:54,,7/15/2022 7:18,8,32,2022,7,Friday,6,1,0,0,2,0,0,0,5,0,0,2,5,N,None,0,0,0,0,0,,,,,429,,,,,,,,,,,,00:08:00
_6DQ0D9M2I,22-0002385,0,TRUE,4600,1,1,105,,Old Farm,RD,,South Burlington,5403,321,"EMS call, excluding vehicle accident with injury",3,81,Incident command,7/15/2022 4:51,7/15/2022 4:54,,7/15/2022 5:13,3,22,2022,7,Friday,4,1,0,0,1,0,0,0,3,0,0,1,3,16,Other Aid Received,0,0,0,0,0,,,,,419,,,,,,,,,,,,00:03:00
_6DQ0D2OD2,22-0002384,0,TRUE,4600,1,1,324,,Garden,ST,,South Burlington,5403,321,"EMS call, excluding vehicle accident with injury",3,33,Provide advanced life sup,7/15/2022 4:29,7/15/2022 4:35,,7/15/2022 4:48,6,19,2022,7,Friday,4,1,0,0,2,0,0,0,5,0,0,2,5,N,None,0,0,0,0,0,,,,,429,,,,,,,,,,,,00:06:00
_6DQ0CVY1J,22-0002383,0,TRUE,4600,1,1,2304,,Brand Farm,DR,,South Burlington,5403,321,"EMS call, excluding vehicle accident with injury",3,33,Provide advanced life sup,7/15/2022 2:59,7/15/2022 3:06,,7/15/2022 3:15,7,16,2022,7,Friday,2,1,0,0,2,0,0,0,5,0,0,2,5,N,None,0,0,0,0,0,,,,,429,,,,,,,,,,,,00:07:00
_6DQ0CQZM8,22-0002382,0,TRUE,4600,1,1,,,Interstate 89,,,South Burlington,5403,551,Assist police or other governmental agency,5,75,Provide equipment,7/14/2022 23:28,7/14/2022 23:36,,7/15/2022 0:13,8,45,2022,7,Thursday,23,1,0,0,0,0,1,0,0,0,3,1,3,N,None,0,0,0,0,0,,,,,961,,,,,,,,,,,,00:08:00
_6DP1BYCTA,22-0002381,0,TRUE,4600,1,1,465,,Quarry Hill,RD,,South Burlington,5403,321,"EMS call, excluding vehicle accident with injury",3,33,Provide advanced life sup,7/14/2022 19:29,7/14/2022 19:39,,7/14/2022 19:57,10,28,2022,7,Thursday,19,1,0,0,1,0,0,0,3,0,0,1,3,1,Mutual aid received,0,0,0,0,0,,,,,429,,,,,,,,,,,,00:10:00
_6DP1BY7TU,22-0002380,0,TRUE,4600,1,2,7,,Aspen,DR,,South Burlington,5403,321,"EMS call, excluding vehicle accident with injury",3,32,Provide basic life suppor,7/14/2022 19:26,7/14/2022 19:29,,7/14/2022 19:40,3,14,2022,7,Thursday,19,1,0,0,1,0,0,0,3,0,0,1,3,1,Mutual aid received,0,0,0,0,0,,,,,429,,,,,,,,,,,,00:03:00
_6DP1AVQNF,22-0002379,0,TRUE,4600,1,1,950,,Hinesburg,RD,,South Burlington,5403,322,Motor vehicle accident with injuries,3,33,Provide advanced life sup,7/14/2022 17:51,7/14/2022 17:57,,7/14/2022 18:46,6,55,2022,7,Thursday,17,1,0,1,2,0,0,0,8,0,0,3,8,1,Mutual aid received,0,0,0,0,0,,,,,960,,,,,,,,,,,,00:06:00
_6DP1BQNYQ,22-0002378,0,TRUE,4600,2,2,370,,Shelburne,RD,,South Burlington,5403,321,"EMS call, excluding vehicle accident with injury",3,32,Provide basic life suppor,7/14/2022 15:57,7/14/2022 16:01,,7/14/2022 16:15,4,18,2022,7,Thursday,15,1,0,0,2,0,0,0,5,0,0,2,5,N,None,0,0,0,0,0,,,,,161,,,,,,,,,,,,00:04:00
_6DP1APH26,22-0002377,0,TRUE,4600,1,1,368,,Dorset,ST,,South Burlington,5403,321,"EMS call, excluding vehicle accident with injury",3,33,Provide advanced life sup,7/14/2022 14:29,7/14/2022 14:33,,7/14/2022 14:45,4,16,2022,7,Thursday,14,1,0,0,2,0,0,0,6,0,0,2,6,N,None,0,0,0,0,0,,,,,342,,,,,,,,,,,,00:04:00
_6DP0VHX9I,22-0002376,0,TRUE,4600,2,2,345,,Farrell,ST,,South Burlington,5403,321,"EMS call, excluding vehicle accident with injury",3,32,Provide basic life suppor,7/14/2022 13:25,7/14/2022 13:29,,7/14/2022 13:35,4,10,2022,7,Thursday,13,1,0,0,2,0,0,0,5,0,0,2,5,N,None,0,0,0,0,0,,,,,429,,,,,,,,,,,,00:04:00
_6DP0V9A2P,22-0002375,0,TRUE,4600,2,2,41,,Blackberry,LA,,South Burlington,5403,743,"Smoke detector activation, no fire - unintentional",7,81,Incident command,7/14/2022 11:45,7/14/2022 11:51,,7/14/2022 12:03,6,18,2022,7,Thursday,11,1,0,0,0,0,1,0,0,0,4,1,4,N,None,0,0,0,0,0,,,,,429,,,,,,,,,,,,00:06:00
_6DP0SHATS,22-0002374,0,TRUE,4600,2,2,7,,Farrell,ST,,South Burlington,5403,321,"EMS call, excluding vehicle accident with injury",3,32,Provide basic life suppor,7/14/2022 11:29,7/14/2022 11:33,,7/14/2022 11:50,4,21,2022,7,Thursday,11,1,0,0,1,0,0,0,4,0,0,1,4,N,None,0,0,0,0,0,,,,,361,,,,,,,,,,,,00:04:00
_6DP0S9927,22-0002373,0,TRUE,4600,2,2,19,,Floral,DR,,South Burlington,5403,321,"EMS call, excluding vehicle accident with injury",3,32,Provide basic life suppor,7/14/2022 10:37,7/14/2022 10:45,,7/14/2022 10:50,8,13,2022,7,Thursday,10,1,0,0,1,0,0,0,4,0,0,1,4,1,Mutual aid received,0,0,0,0,0,,,,,419,,,,,,,,,,,,00:08:00
_6DP0S062G,22-0002372,0,TRUE,4600,2,2,7,,Cedar Glen North,,,South Burlington,5403,321,"EMS call, excluding vehicle accident with injury",3,32,Provide basic life suppor,7/14/2022 10:27,7/14/2022 10:31,,7/14/2022 10:45,4,18,2022,7,Thursday,10,1,0,0,2,0,0,0,6,0,0,2,6,N,None,0,0,0,0,0,,,,,429,,,,,,,,,,,,00:04:00
_6DP1AFSRZ,22-0002371,0,TRUE,4600,1,1,62,,Tilley,DR,,South Burlington,5403,321,"EMS call, excluding vehicle accident with injury",3,33,Provide advanced life sup,7/14/2022 10:15,7/14/2022 10:21,,7/14/2022 10:53,6,38,2022,7,Thursday,10,1,0,0,1,0,0,0,4,0,0,1,4,1,Mutual aid received,0,0,0,0,0,,,,,599,,,,,,,,,,,,00:06:00
_6DP1A2ENI,22-0002370,0,TRUE,4600,1,1,62,,Tilley,DR,,South Burlington,5403,321,"EMS call, excluding vehicle accident with injury",3,33,Provide advanced life sup,7/14/2022 9:44,7/14/2022 9:53,,7/14/2022 10:06,9,22,2022,7,Thursday,9,1,0,0,1,0,0,0,4,0,0,1,4,16,Other Aid Received,0,0,0,0,0,,,,,599,,,,,,,,,,,,00:09:00
_6DP1AKLTP,22-0002369,0,TRUE,4600,1,3,62,,Tilley,DR,,South Burlington,5403,321,"EMS call, excluding vehicle accident with injury",3,31,Provide first aid & check,7/14/2022 9:43,7/14/2022 9:51,,7/14/2022 10:01,8,18,2022,7,Thursday,9,1,0,0,1,0,0,0,2,0,0,1,2,N,None,0,0,0,0,0,,,,,599,,,,,,,,,,,,00:08:00
_6DP0JKXK8,22-0002368,0,TRUE,4600,2,2,1185,,Shelburne,RD,,South Burlington,5403,555,"Defective elevator, no occupants",5,0,"Action taken, Other",7/14/2022 8:46,7/14/2022 8:46,,7/14/2022 8:46,0,0,2022,7,Thursday,8,1,0,0,0,0,1,0,0,0,1,1,1,N,None,0,0,0,0,0,,,,,429,,,,,,,,,,,,00:00:00
_6DP0FOTV9,22-0002367,0,TRUE,4600,1,2,34,,Cabot Court,,,South Burlington,5403,611,Dispatched & cancelled en route,6,93,Cancelled en route,7/14/2022 6:54,,,7/14/2022 6:55,24475.2,0.7333,2022,7,Thursday,6,3,0,0,0,0,1,0,0,0,3,1,3,N,None,0,0,0,0,0,,,,,419,,,,,,,,,,,,407:55:1
_6DP0FDNVR,22-0002366,0,TRUE,4600,2,2,409,,Farrell,ST,,South Burlington,5403,733,Smoke detector activation due to malfunction,7,81,Incident command,7/14/2022 3:50,7/14/2022 3:59,,7/14/2022 4:07,8.3167,16.6833,2022,7,Thursday,3,3,0,0,0,0,1,0,0,0,3,1,3,N,None,0,0,0,0,0,,,,,429,,,,,,,,,,,,00:08:19
_6DP0F0BFQ,22-0002365,0,TRUE,4600,1,2,409,,Farrell,ST,,South Burlington,5403,700,"False alarm or false call, Other",7,81,Incident command,7/14/2022 1:14,7/14/2022 1:22,,7/14/2022 1:29,8.25,15.3833,2022,7,Thursday,1,3,0,0,0,0,2,0,0,0,6,2,6,N,None,0,0,0,0,0,,,,,429,,,,,,,,,,,,00:08:15
_6DO1BE1MB,22-0002364,0,TRUE,4600,1,1,71,,Hinesburg,RD,,South Burlington,5403,600,"Good intent call, Other",6,81,Incident command,7/13/2022 21:50,7/13/2022 21:54,,7/13/2022 21:55,4,5,2022,7,Wednesday,21,3,0,0,0,0,1,0,0,0,3,1,3,N,None,0,0,0,0,0,,,,,962,,,,,,,,,,,,00:04:00
_6DO1A05JJ,22-0002363,0,TRUE,4600,1,1,1076,,Williston,RD,,South Burlington,5403,321,"EMS call, excluding vehicle accident with injury",3,81,Incident command,7/13/2022 20:51,7/13/2022 20:55,,7/13/2022 21:08,4.4833,17.55,2022,7,Wednesday,20,3,0,0,1,0,0,0,3,0,0,1,3,16,Other Aid Received,0,0,0,0,0,,,,,161,,,,,,,,,,,,00:04:29
_6DO1A9I32,22-0002362,0,TRUE,4600,7,1,,,Ethan Allen,DR,,South Burlington,5403,700,"False alarm or false call, Other",7,81,Incident command,7/13/2022 20:47,7/13/2022 20:55,,7/13/2022 21:01,8,14,2022,7,Wednesday,20,3,0,0,0,0,1,0,0,0,3,1,3,1,Mutual aid received,0,0,0,0,0,,,,,500,,,,,,,,,,,,00:08:00
_6DO19WI8I,22-0002361,0,TRUE,4600,1,1,18,,Davis,PKY,,South Burlington,5403,321,"EMS call, excluding vehicle accident with injury",3,32,Provide basic life suppor,7/13/2022 20:05,7/13/2022 20:09,,7/13/2022 20:26,4,21,2022,7,Wednesday,20,3,0,0,3,0,0,0,8,0,0,3,8,N,None,0,0,0,0,0,,,,,419,,,,,,,,,,,,00:04:00
_6DO19U032,22-0002360,0,TRUE,4600,2,1,20,,Harborview,RD,,South Burlington,5403,321,"EMS call, excluding vehicle accident with injury",3,33,Provide advanced life sup,7/13/2022 19:05,7/13/2022 19:15,,7/13/2022 19:26,10,21,2022,7,Wednesday,19,3,0,0,1,0,0,0,3,0,0,1,3,16,Other Aid Received,0,0,0,0,0,,,,,311,,,,,,,,,,,,00:10:00
_6DO16W56F,22-0002359,0,TRUE,4600,1,1,1227,,Dorset,ST,,South Burlington,5403,321,"EMS call, excluding vehicle accident with injury",3,32,Provide basic life suppor,7/13/2022 18:19,7/13/2022 18:24,,7/13/2022 18:44,5,25,2022,7,Wednesday,18,3,0,0,3,0,0,0,8,0,0,3,8,N,None,0,0,0,0,0,,,,,142,,,,,,,,,,,,00:05:00
_6DO11RA2Q,22-0002358,0,TRUE,4600,1,1,41,,Hinesburg,RD,,South Burlington,5403,322,Motor vehicle accident with injuries,3,30,Emergency medical service,7/13/2022 16:15,7/13/2022 16:20,,7/13/2022 16:30,4.8,14.8,2022,7,Wednesday,16,3,0,0,2,0,0,0,5,0,0,2,5,N,None,0,0,0,0,0,,,,,965,,,,,,,,,,,,00:04:48
_6DO11G94L,22-0002357,0,TRUE,4600,1,1,,,Hinesburg,RD,,South Burlington,5403,324,Motor Vehicle Accident with no injuries,3,30,Emergency medical service,7/13/2022 14:41,7/13/2022 14:46,,7/13/2022 14:58,5,17,2022,7,Wednesday,14,3,0,0,1,0,0,0,4,0,0,1,4,N,None,0,0,0,0,0,,,,,963,,,,,,,,,,,,00:05:00
_6DO16YGTJ,22-0002356,0,TRUE,4600,2,2,90,,Allen,RD,,South Burlington,5403,321,"EMS call, excluding vehicle accident with injury",3,33,Provide advanced life sup,7/13/2022 13:18,7/13/2022 13:23,,7/13/2022 13:46,4.3333,27.3,2022,7,Wednesday,13,3,0,0,2,0,0,0,2,0,0,2,2,N,None,0,0,0,0,0,,,,,459,,,,,,,,,,,,00:04:20
_6DO0QVID2,22-0002355,0,TRUE,4600,1,1,,,Dorset,ST,,South Burlington,5403,321,"EMS call, excluding vehicle accident with injury",3,32,Provide basic life suppor,7/13/2022 11:14,7/13/2022 11:18,,7/13/2022 11:30,4,16,2022,7,Wednesday,11,3,0,0,2,0,0,0,7,0,0,2,7,N,None,0,0,0,0,0,,,,,500,,,,,,,,,,,,00:04:00
_6DO0RIIZC,22-0002354,0,TRUE,4600,1,1,53,,Timberlane,RD,,South Burlington,5403,321,"EMS call, excluding vehicle accident with injury",3,33,Provide advanced life sup,7/13/2022 10:20,7/13/2022 10:22,,7/13/2022 10:34,2.1167,13.7,2022,7,Wednesday,10,3,0,0,2,0,0,0,6,0,0,2,6,N,None,0,0,0,0,0,,,,,342,,,,,,,,,,,,00:02:07
_6DO0MA0WT,22-0002353,0,TRUE,4600,1,1,465,,Quarry Hill,RD,,South Burlington,5403,321,"EMS call, excluding vehicle accident with injury",3,32,Provide basic life suppor,7/13/2022 9:31,7/13/2022 9:38,,7/13/2022 9:58,7,27,2022,7,Wednesday,9,3,0,0,2,0,0,0,7,0,0,2,7,N,None,0,0,0,0,0,,,,,311,,,,,,,,,,,,00:07:00
_6DO0YRPOY,22-0002352,0,TRUE,4600,2,2,90,,Allen,RD,,South Burlington,5403,321,"EMS call, excluding vehicle accident with injury",3,34,Transport person,7/13/2022 8:25,7/13/2022 8:36,,7/13/2022 8:43,10.85,18.2167,2022,7,Wednesday,8,3,0,0,1,0,0,0,2,0,0,1,2,N,None,0,0,0,0,0,,,,,459,,,,,,,,,,,,00:10:51
_6DO0CZK6F,22-0002351,0,TRUE,4600,1,1,465,,Quarry Hill,RD,,South Burlington,5403,321,"EMS call, excluding vehicle accident with injury",3,33,Provide advanced life sup,7/13/2022 5:04,7/13/2022 5:13,,7/13/2022 5:26,9,22,2022,7,Wednesday,5,2,0,0,2,0,0,0,5,0,0,2,5,N,None,0,0,0,0,0,,,,,429,,,,,,,,,,,,00:09:00
_6DO0CQ4A6,22-0002350,0,TRUE,4600,1,1,7,,Aspen,DR,,South Burlington,5403,730,"System malfunction, Other",7,81,Incident command,7/13/2022 1:44,7/13/2022 1:50,,7/13/2022 1:57,6,13,2022,7,Wednesday,1,2,0,0,2,0,0,0,5,0,0,2,5,N,None,0,0,0,0,0,,,,,429,,,,,,,,,,,,00:06:00
_6DN1EPSE5,22-0002349,0,TRUE,4600,1,1,635,,Hinesburg,RD,,South Burlington,5403,554,Assist invalid,5,31,Provide first aid & check,7/12/2022 23:03,7/12/2022 23:05,,7/12/2022 23:12,2,9,2022,7,Tuesday,23,2,0,0,1,0,0,0,0,0,3,1,3,N,None,0,0,0,0,0,,,,,429,,,,,,,,,,,,00:02:00
_6DN1EL3QU,22-0002348,0,TRUE,4600,1,1,7,,Aspen,DR,,South Burlington,5403,740,"Unintentional transmission of alarm, Other",7,81,Incident command,7/12/2022 22:50,7/12/2022 22:53,,7/12/2022 23:00,3,10,2022,7,Tuesday,22,2,0,0,1,0,1,0,3,0,2,2,5,N,None,0,0,0,0,0,,,,,429,,,,,,,,,,,,00:03:00
_6DN1EEG6G,22-0002347,0,TRUE,4600,1,1,7,,Aspen,DR,,South Burlington,5403,321,"EMS call, excluding vehicle accident with injury",3,33,Provide advanced life sup,7/12/2022 19:46,7/12/2022 19:48,,7/12/2022 20:08,2,22,2022,7,Tuesday,19,2,0,0,2,0,0,0,5,0,0,2,5,N,None,0,0,0,0,0,,,,,429,,,,,,,,,,,,00:02:00
_6DN1E70N3,22-0002346,0,TRUE,4600,1,1,1530,,Williston,RD,,South Burlington,5403,321,"EMS call, excluding vehicle accident with injury",3,33,Provide advanced life sup,7/12/2022 18:45,7/12/2022 18:48,,7/12/2022 19:13,3,28,2022,7,Tuesday,18,2,0,0,1,0,0,0,3,0,0,1,3,16,Other Aid Received,0,0,0,0,0,,,,,311,,,,,,,,,,,,00:03:00
_6DN1DYAZZ,22-0002345,0,TRUE,4600,1,1,106,,Spear,ST,,South Burlington,5403,321,"EMS call, excluding vehicle accident with injury",3,33,Provide advanced life sup,7/12/2022 18:21,7/12/2022 18:26,,7/12/2022 18:43,5,22,2022,7,Tuesday,18,2,0,0,2,0,0,0,5,0,0,2,5,N,None,0,0,0,0,0,,,,,419,,,,,,,,,,,,00:05:00
_6DN14SLEL,22-0002344,0,TRUE,4600,1,2,41,,Hinesburg,RD,,South Burlington,5403,321,"EMS call, excluding vehicle accident with injury",3,32,Provide basic life suppor,7/12/2022 18:13,7/12/2022 18:22,,7/12/2022 18:31,9,18,2022,7,Tuesday,18,2,0,0,1,0,0,0,3,0,0,1,3,1,Mutual aid received,0,0,0,0,0,,,,,962,,,,,,,,,,,,00:09:00
_6DN1CSTC3,22-0002343,0,TRUE,4600,1,1,1603,,Brand Farm,DR,,South Burlington,5403,321,"EMS call, excluding vehicle accident with injury",3,33,Provide advanced life sup,7/12/2022 18:06,7/12/2022 18:09,,7/12/2022 18:26,3,20,2022,7,Tuesday,18,2,0,0,1,0,0,0,3,0,0,1,3,16,Other Aid Received,0,0,0,0,0,,,,,429,,,,,,,,,,,,00:03:00
_6DN14N7EY,22-0002342,0,TRUE,4600,2,2,345,,Farrell,ST,,South Burlington,5403,321,"EMS call, excluding vehicle accident with injury",3,32,Provide basic life suppor,7/12/2022 17:37,7/12/2022 17:39,,7/12/2022 17:57,2,20,2022,7,Tuesday,17,2,0,0,1,0,0,0,3,0,0,1,3,N,None,0,0,0,0,0,,,,,429,,,,,,,,,,,,00:02:00
_6DN1CJKWZ,22-0002341,0,TRUE,4600,2,1,916,,Shelburne,RD,,South Burlington,5403,321,"EMS call, excluding vehicle accident with injury",3,33,Provide advanced life sup,7/12/2022 13:59,7/12/2022 14:02,,7/12/2022 14:19,3,20,2022,7,Tuesday,13,2,0,0,3,0,0,0,7,0,0,3,7,N,None,0,0,0,0,0,,,,,500,,,,,,,,,,,,00:03:00
_6DN1C9BUP,22-0002340,0,TRUE,4600,2,2,90,,Allen,RD,,South Burlington,5403,321,"EMS call, excluding vehicle accident with injury",3,33,Provide advanced life sup,7/12/2022 13:49,7/12/2022 13:59,,7/12/2022 14:18,9.9833,28.9833,2022,7,Tuesday,13,2,0,0,1,0,0,0,1,0,0,1,1,1,Mutual aid received,0,0,0,0,0,,,,,459,,,,,,,,,,,,00:09:59
_6DN0W4DGI,22-0002339,0,TRUE,4600,2,2,580,,Shelburne,RD,,South Burlington,5403,600,"Good intent call, Other",6,32,Provide basic life suppor,7/12/2022 13:49,7/12/2022 13:53,,7/12/2022 14:07,4,18,2022,7,Tuesday,13,2,0,0,0,0,1,0,0,0,3,1,3,N,None,0,0,0,0,0,,,,,963,,,,,,,,,,,,00:04:00
_6DN1BI0PK,22-0002338,0,TRUE,4600,1,1,26,,Valley Ridge,RD,,South Burlington,5403,671,HazMat release investigation w/no HazMat,6,42,"HazMat detection, monitor",7/12/2022 13:36,7/12/2022 13:46,,7/12/2022 13:58,10,22,2022,7,Tuesday,13,2,0,1,0,0,0,4,0,0,0,1,4,1,Mutual aid received,0,0,0,0,0,,,,,419,,,,,,,,,,,,00:10:00
_6DN0VU7PP,22-0002337,0,TRUE,4600,2,2,345,,Farrell,ST,,South Burlington,5403,321,"EMS call, excluding vehicle accident with injury",3,32,Provide basic life suppor,7/12/2022 13:27,7/12/2022 13:33,,7/12/2022 13:49,6,22,2022,7,Tuesday,13,3,0,0,1,0,0,0,3,0,0,1,3,16,Other Aid Received,0,0,0,0,0,,,,,429,,,,,,,,,,,,00:06:00
_6DN0VXR7U,22-0002336,0,TRUE,4600,1,2,7,,Aspen,DR,,South Burlington,5403,321,"EMS call, excluding vehicle accident with injury",3,32,Provide basic life suppor,7/12/2022 12:39,7/12/2022 12:46,,7/12/2022 13:04,7,25,2022,7,Tuesday,12,2,0,0,1,0,0,0,3,0,0,1,3,N,None,0,0,0,0,0,,,,,429,,,,,,,,,,,,00:07:00
_6DN1B9FSI,22-0002335,0,TRUE,4600,1,1,35,,Twin Oaks,TER,,South Burlington,5403,321,"EMS call, excluding vehicle accident with injury",3,33,Provide advanced life sup,7/12/2022 12:28,7/12/2022 12:32,,7/12/2022 12:50,4,22,2022,7,Tuesday,12,2,0,0,2,0,0,0,5,0,0,2,5,N,None,0,0,0,0,0,,,,,429,,,,,,,,,,,,00:04:00
_6DN1ATODJ,22-0002334,0,TRUE,4600,1,1,7,,Aspen,DR,,South Burlington,5403,321,"EMS call, excluding vehicle accident with injury",3,33,Provide advanced life sup,7/12/2022 11:44,7/12/2022 11:45,,7/12/2022 12:05,1,21,2022,7,Tuesday,11,2,0,0,2,0,0,0,5,0,0,2,5,N,None,0,0,0,0,0,,,,,429,,,,,,,,,,,,00:01:00
_6DN1ADIGI,22-0002333,0,TRUE,4600,1,1,52,,Bayberry,LA,,South Burlington,5403,412,Gas leak (natural gas or LPG),4,42,"HazMat detection, monitor",7/12/2022 10:21,7/12/2022 10:26,,7/12/2022 10:38,5,17,2022,7,Tuesday,10,2,1,3,0,0,0,10,0,0,0,3,10,N,None,0,0,0,0,0,,,,,429,,,,,,,,,,,,00:05:00
_6DN0LJ3DG,22-0002332,0,TRUE,4600,2,1,20,,Harborview,RD,,South Burlington,5403,321,"EMS call, excluding vehicle accident with injury",3,33,Provide advanced life sup,7/12/2022 8:36,7/12/2022 8:44,,7/12/2022 8:54,8,18,2022,7,Tuesday,8,2,0,0,2,0,0,0,5,0,0,2,5,N,None,0,0,0,0,0,,,,,311,,,,,,,,,,,,00:08:00
_6DM1BMF1F,22-0002331,0,TRUE,4600,1,1,326,,Quarry Hill,RD,,South Burlington,5403,555,"Defective elevator, no occupants",5,0,"Action taken, Other",7/11/2022 18:47,7/11/2022 18:47,,7/11/2022 18:47,0,0,2022,7,Monday,18,1,0,0,0,0,1,0,0,0,1,1,1,N,None,0,0,0,0,0,,,,,429,,,,,,,,,,,,00:00:00
_6DM1BEOPT,22-0002330,0,TRUE,4600,1,1,,,Interstate 89,,,South Burlington,5403,622,No Incident found on arrival at dispatch address,6,81,Incident command,7/11/2022 18:45,7/11/2022 18:51,,7/11/2022 18:51,6,6,2022,7,Monday,18,1,0,2,1,0,0,6,2,0,0,3,8,N,None,0,0,0,0,0,,,,,961,,,,,,,,,,,,00:06:00
_6DM18AG6P,22-0002329,0,TRUE,4600,2,2,974,,Shelburne,RD,,South Burlington,5403,600,"Good intent call, Other",6,31,Provide first aid & check,7/11/2022 18:32,7/11/2022 18:36,,7/11/2022 18:40,4,8,2022,7,Monday,18,1,0,0,0,0,2,0,0,0,5,2,5,N,None,0,0,0,0,0,,,,,571,,,,,,,,,,,,00:04:00
_6DM1998A5,22-0002328,0,TRUE,4600,7,1,303,,Lime Kiln,RD,,South Burlington,5403,113,"Cooking fire, confined to container",1,81,Incident command,7/11/2022 18:03,7/11/2022 18:12,,7/11/2022 18:30,8.5,26.15,2022,7,Monday,18,1,1,3,0,0,0,7,0,0,0,3,7,2,Automatic aid receiv,0,0,0,0,0,1,Detector alerted occupant,,,429,,,,,,,,,,,,00:08:30
_6DM184GSI,22-0002327,0,TRUE,4600,2,2,345,,Farrell,ST,,South Burlington,5403,321,"EMS call, excluding vehicle accident with injury",3,32,Provide basic life suppor,7/11/2022 17:23,7/11/2022 17:29,,7/11/2022 17:40,6,17,2022,7,Monday,17,1,0,0,2,0,0,0,5,0,0,2,5,N,None,0,0,0,0,0,,,,,429,,,,,,,,,,,,00:06:00
_6DM1B12N5,22-0002326,0,TRUE,4600,2,1,57,,Fayette,RD,,South Burlington,5403,321,"EMS call, excluding vehicle accident with injury",3,33,Provide advanced life sup,7/11/2022 16:13,7/11/2022 16:18,,7/11/2022 16:26,5,13,2022,7,Monday,16,1,0,0,2,0,0,0,4,0,0,2,4,N,None,0,0,0,0,0,,,,,500,,,,,,,,,,,,00:05:00
_6DM10WYIA,22-0002325,0,TRUE,4600,2,2,90,,Allen,RD,,South Burlington,5403,321,"EMS call, excluding vehicle accident with injury",3,31,Provide first aid & check,7/11/2022 16:10,7/11/2022 16:14,,7/11/2022 16:31,4,21,2022,7,Monday,16,1,0,0,1,0,0,0,3,0,0,1,3,1,Mutual aid received,0,0,0,0,0,,,,,459,,,,,,,,,,,,00:04:00
_6DM17XCVK,22-0002324,0,TRUE,4600,1,1,62,,Tilley,DR,,South Burlington,5403,321,"EMS call, excluding vehicle accident with injury",3,81,Incident command,7/11/2022 13:24,7/11/2022 13:30,,7/11/2022 13:56,5.8333,31.8667,2022,7,Monday,13,1,0,0,1,0,0,0,3,0,0,1,3,1,Mutual aid received,0,0,0,0,0,,,,,599,,,,,,,,,,,,00:05:50
_6DM10LQQ6,22-0002323,0,TRUE,4600,1,2,41,,Hinesburg,RD,,South Burlington,5403,321,"EMS call, excluding vehicle accident with injury",3,31,Provide first aid & check,7/11/2022 13:07,7/11/2022 13:10,,7/11/2022 13:32,3,25,2022,7,Monday,13,1,0,0,1,0,0,0,3,0,0,1,3,1,Mutual aid received,0,0,0,0,0,,,,,519,,,,,,,,,,,,00:03:00
_6DM18FB29,22-0002322,0,TRUE,4600,1,1,62,,Tilley,DR,,South Burlington,5403,321,"EMS call, excluding vehicle accident with injury",3,81,Incident command,7/11/2022 12:56,7/11/2022 13:01,,7/11/2022 13:16,4.8167,20.2833,2022,7,Monday,12,1,0,0,2,0,0,0,5,0,0,2,5,N,None,0,0,0,0,0,,,,,599,,,,,,,,,,,,00:04:49
_6DM1ALJNF,22-0002321,0,TRUE,4600,1,1,630,,Hinesburg,RD,,South Burlington,5403,321,"EMS call, excluding vehicle accident with injury",3,33,Provide advanced life sup,7/11/2022 11:55,7/11/2022 12:00,,7/11/2022 12:14,5,19,2022,7,Monday,11,1,0,0,2,0,0,0,6,0,0,2,6,N,None,0,0,0,0,0,,,,,429,,,,,,,,,,,,00:05:00
_6DM19WUQS,22-0002320,0,TRUE,4600,1,1,26,,O'Brien,DR,,South Burlington,5403,321,"EMS call, excluding vehicle accident with injury",3,33,Provide advanced life sup,7/11/2022 11:10,7/11/2022 11:17,,7/11/2022 11:33,7,23,2022,7,Monday,11,1,0,0,1,0,0,0,4,0,0,1,4,1,Mutual aid received,0,0,0,0,0,,,,,419,,,,,,,,,,,,00:07:00
_6DM0OX6Z2,22-0002319,0,TRUE,4600,2,2,935,,Shelburne,RD,,South Burlington,5403,321,"EMS call, excluding vehicle accident with injury",3,31,Provide first aid & check,7/11/2022 11:04,7/11/2022 11:05,,7/11/2022 11:11,1,7,2022,7,Monday,11,1,0,0,1,0,0,0,4,0,0,1,4,1,Mutual aid received,0,0,0,0,0,,,,,581,,,,,,,,,,,,00:01:00
_6DM19LHFQ,22-0002318,0,TRUE,4600,1,1,100,,Kennedy,DR,,South Burlington,5403,321,"EMS call, excluding vehicle accident with injury",3,33,Provide advanced life sup,7/11/2022 11:01,7/11/2022 11:05,,7/11/2022 11:14,4,13,2022,7,Monday,11,1,0,0,2,0,0,0,6,0,0,2,6,N,None,0,0,0,0,0,,,,,429,,,,,,,,,,,,00:04:00
_6DM197LXT,22-0002317,0,TRUE,4600,1,1,401,,Dorset,ST,,South Burlington,5403,745,"Alarm system activation, no fire - unintentional",7,81,Incident command,7/11/2022 10:42,7/11/2022 10:43,,7/11/2022 11:10,1,28,2022,7,Monday,10,1,0,3,0,0,0,10,0,0,0,3,10,N,None,0,0,0,0,0,,,,,449,,,,,,,,,,,,00:01:00
_6DM0G2TQ1,22-0002316,0,TRUE,4600,1,1,1835,,Shelburne,RD,,South Burlington,5403,400,"Hazardous condition, Other",4,78,Control traffic,7/11/2022 6:21,7/11/2022 6:30,,7/11/2022 7:03,8.5667,41.4667,2022,7,Monday,6,3,0,0,0,0,1,0,0,0,3,1,3,N,None,0,0,0,0,0,,,,,963,,,,,,,,,,,,00:08:34
_6DO0UXR8V,22-0002315,0,TRUE,4600,2,1,1515,,Shelburne,RD,,South Burlington,5403,730,"System malfunction, Other",7,81,Incident command,7/11/2022 5:53,7/11/2022 6:03,,7/11/2022 6:14,10.45,20.9833,2022,7,Monday,5,3,0,0,0,0,2,0,0,0,6,2,6,N,None,0,0,0,0,0,,,,,539,,,,,,,,,,,,00:10:27
